	cuisines	latitude	longitude	property_title	ranking	review_count	url2
0	Pizza	31.963032	35.89816	Pizza Roma Cafe	#1 of 545 Restaurants in Amman	300	/Restaurant_Review-g293986-d3389330-Reviews-Pizza_Roma_Cafe-Amman_Amman_Governorate.html
1	American	31.952438	35.937958	Brisket	#2 of 545 Restaurants in Amman	268	/Restaurant_Review-g293986-d7267482-Reviews-Brisket-Amman_Amman_Governorate.html
2	Middle Eastern	31.951878	35.9332	Habibah Sweets	#3 of 545 Restaurants in Amman	665	/Restaurant_Review-g293986-d2084697-Reviews-Habibah_Sweets-Amman_Amman_Governorate.html
3	Lebanese	31.952278	35.92017	Fakhreldin Restaurant	#4 of 545 Restaurants in Amman	787	/Restaurant_Review-g293986-d1371269-Reviews-Fakhreldin_Restaurant-Amman_Amman_Governorate.html
4	Mediterranean	31.94924	35.929058	Sufra Restaurant	#5 of 545 Restaurants in Amman	701	/Restaurant_Review-g293986-d2406112-Reviews-Sufra_Restaurant-Amman_Amman_Governorate.html
5	Lebanese	31.961784	35.8701	Tawaheen al-Hawa	#6 of 545 Restaurants in Amman	713	/Restaurant_Review-g293986-d1641029-Reviews-Tawaheen_al_Hawa-Amman_Amman_Governorate.html
6	American	31.992243	35.866783	Chestnut Restaurant & Pub	#7 of 545 Restaurants in Amman	283	/Restaurant_Review-g293986-d7761403-Reviews-Chestnut_Restaurant_Pub-Amman_Amman_Governorate.html
7	Steakhouse	31.952156	35.91342	V Lounge & Restaurant	#8 of 545 Restaurants in Amman	57	/Restaurant_Review-g293986-d3989474-Reviews-V_Lounge_Restaurant-Amman_Amman_Governorate.html
8	Fast Food	31.952234	35.93188	Hashem	#9 of 545 Restaurants in Amman	1361	/Restaurant_Review-g293986-d1918356-Reviews-Hashem-Amman_Amman_Governorate.html
9	Italian	31.98758	35.866676	Melograno	#10 of 545 Restaurants in Amman	83	/Restaurant_Review-g293986-d10005312-Reviews-Melograno-Amman_Amman_Governorate.html
10	Fast Food	31.953451	35.884483	Abu Jbara	#11 of 545 Restaurants in Amman	349	/Restaurant_Review-g293986-d3261923-Reviews-Abu_Jbara-Amman_Amman_Governorate.html
11	Fast Food	31.94937	35.92642	Al-Quds	#12 of 545 Restaurants in Amman	197	/Restaurant_Review-g293986-d2277785-Reviews-Al_Quds-Amman_Amman_Governorate.html
12	Mediterranean	31.951536	35.93099	Beit Sitti	#13 of 545 Restaurants in Amman	237	/Restaurant_Review-g293986-d2441252-Reviews-Beit_Sitti-Amman_Amman_Governorate.html
13	Healthy	31.956652	35.94576	Wild Jordan Center	#14 of 545 Restaurants in Amman	415	/Restaurant_Review-g293986-d1036043-Reviews-Wild_Jordan_Center-Amman_Amman_Governorate.html
14	Steakhouse	31.952919	35.903458	Lucca Steakhouse	#15 of 545 Restaurants in Amman	116	/Restaurant_Review-g293986-d9706146-Reviews-Lucca_Steakhouse-Amman_Amman_Governorate.html
15	Lebanese	31.845284	35.91387	Burj Al Hamam	#16 of 545 Restaurants in Amman	160	/Restaurant_Review-g293986-d1181235-Reviews-Burj_Al_Hamam-Amman_Amman_Governorate.html
16	Mediterranean	31.953556	35.914356	Kan Zamaan	#17 of 545 Restaurants in Amman	141	/Restaurant_Review-g293986-d1852510-Reviews-Kan_Zamaan-Amman_Amman_Governorate.html
17	Mediterranean	31.952505	35.907158	Levant	#18 of 545 Restaurants in Amman	275	/Restaurant_Review-g293986-d2477583-Reviews-Levant-Amman_Amman_Governorate.html
18	Lebanese	31.95136	35.916283	Levant Restaurant	#19 of 545 Restaurants in Amman	99	/Restaurant_Review-g293986-d6417061-Reviews-Levant_Restaurant-Amman_Amman_Governorate.html
19	Middle Eastern	31.941225	35.888035	Rosa Damascena	#20 of 545 Restaurants in Amman	56	/Restaurant_Review-g293986-d9590689-Reviews-Rosa_Damascena-Amman_Amman_Governorate.html
20	Fast Food	31.952257	35.93196	Hashim Restaurant	#21 of 545 Restaurants in Amman	131	/Restaurant_Review-g293986-d3267255-Reviews-Hashim_Restaurant-Amman_Amman_Governorate.html
21	Cafe	31.948015	35.931316	Books at Cafe	#22 of 545 Restaurants in Amman	343	/Restaurant_Review-g293986-d1570764-Reviews-Books_at_Cafe-Amman_Amman_Governorate.html
22	Lebanese	31.96674	35.87306	Tannoureen	#23 of 545 Restaurants in Amman	157	/Restaurant_Review-g293986-d816762-Reviews-Tannoureen-Amman_Amman_Governorate.html
23	Lebanese	31.991304	35.865364	Reem albawadi	#24 of 545 Restaurants in Amman	308	/Restaurant_Review-g293986-d807849-Reviews-Reem_albawadi-Amman_Amman_Governorate.html
24	Japanese	31.973347	35.90616	Yoshi	#25 of 545 Restaurants in Amman	144	/Restaurant_Review-g293986-d1483307-Reviews-Yoshi-Amman_Amman_Governorate.html
25	Italian	31.946836	35.878162	Gusto	#26 of 545 Restaurants in Amman	39	/Restaurant_Review-g293986-d10148621-Reviews-Gusto-Amman_Amman_Governorate.html
26	Italian	31.952566	35.9041	Clemance Restaurant	#27 of 545 Restaurants in Amman	20	/Restaurant_Review-g293986-d12242637-Reviews-Clemance_Restaurant-Amman_Amman_Governorate.html
27	Italian	31.966618	35.874744	IL Terrazzo Amman Restaurant	#28 of 545 Restaurants in Amman	61	/Restaurant_Review-g293986-d7698440-Reviews-IL_Terrazzo_Amman_Restaurant-Amman_Amman_Governorate.html
28	Japanese	31.973473	35.89811	Vinaigrette	#29 of 545 Restaurants in Amman	138	/Restaurant_Review-g293986-d3172067-Reviews-Vinaigrette-Amman_Amman_Governorate.html
29	Middle Eastern	31.965462	35.901966	Al-Quds Restaurant	#30 of 545 Restaurants in Amman	163	/Restaurant_Review-g293986-d2429468-Reviews-Al_Quds_Restaurant-Amman_Amman_Governorate.html
30	Pizza	31.963032	35.89816	Pizza Roma Cafe	#1 of 545 Restaurants in Amman	300	/Restaurant_Review-g293986-d3389330-Reviews-Pizza_Roma_Cafe-Amman_Amman_Governorate.html
31	American	31.952438	35.937958	Brisket	#2 of 545 Restaurants in Amman	268	/Restaurant_Review-g293986-d7267482-Reviews-Brisket-Amman_Amman_Governorate.html
32	Middle Eastern	31.951878	35.9332	Habibah Sweets	#3 of 545 Restaurants in Amman	665	/Restaurant_Review-g293986-d2084697-Reviews-Habibah_Sweets-Amman_Amman_Governorate.html
33	Lebanese	31.952278	35.92017	Fakhreldin Restaurant	#4 of 545 Restaurants in Amman	787	/Restaurant_Review-g293986-d1371269-Reviews-Fakhreldin_Restaurant-Amman_Amman_Governorate.html
34	Mediterranean	31.94924	35.929058	Sufra Restaurant	#5 of 545 Restaurants in Amman	701	/Restaurant_Review-g293986-d2406112-Reviews-Sufra_Restaurant-Amman_Amman_Governorate.html
35	Lebanese	31.961784	35.8701	Tawaheen al-Hawa	#6 of 545 Restaurants in Amman	713	/Restaurant_Review-g293986-d1641029-Reviews-Tawaheen_al_Hawa-Amman_Amman_Governorate.html
36	American	31.992243	35.866783	Chestnut Restaurant & Pub	#7 of 545 Restaurants in Amman	283	/Restaurant_Review-g293986-d7761403-Reviews-Chestnut_Restaurant_Pub-Amman_Amman_Governorate.html
37	Steakhouse	31.952156	35.91342	V Lounge & Restaurant	#8 of 545 Restaurants in Amman	57	/Restaurant_Review-g293986-d3989474-Reviews-V_Lounge_Restaurant-Amman_Amman_Governorate.html
38	Fast Food	31.952234	35.93188	Hashem	#9 of 545 Restaurants in Amman	1361	/Restaurant_Review-g293986-d1918356-Reviews-Hashem-Amman_Amman_Governorate.html
39	Italian	31.98758	35.866676	Melograno	#10 of 545 Restaurants in Amman	83	/Restaurant_Review-g293986-d10005312-Reviews-Melograno-Amman_Amman_Governorate.html
40	Fast Food	31.953451	35.884483	Abu Jbara	#11 of 545 Restaurants in Amman	349	/Restaurant_Review-g293986-d3261923-Reviews-Abu_Jbara-Amman_Amman_Governorate.html
41	Fast Food	31.94937	35.92642	Al-Quds	#12 of 545 Restaurants in Amman	197	/Restaurant_Review-g293986-d2277785-Reviews-Al_Quds-Amman_Amman_Governorate.html
42	Mediterranean	31.951536	35.93099	Beit Sitti	#13 of 545 Restaurants in Amman	237	/Restaurant_Review-g293986-d2441252-Reviews-Beit_Sitti-Amman_Amman_Governorate.html
43	Healthy	31.956652	35.94576	Wild Jordan Center	#14 of 545 Restaurants in Amman	415	/Restaurant_Review-g293986-d1036043-Reviews-Wild_Jordan_Center-Amman_Amman_Governorate.html
44	Steakhouse	31.952919	35.903458	Lucca Steakhouse	#15 of 545 Restaurants in Amman	116	/Restaurant_Review-g293986-d9706146-Reviews-Lucca_Steakhouse-Amman_Amman_Governorate.html
45	Lebanese	31.845284	35.91387	Burj Al Hamam	#16 of 545 Restaurants in Amman	160	/Restaurant_Review-g293986-d1181235-Reviews-Burj_Al_Hamam-Amman_Amman_Governorate.html
46	Mediterranean	31.953556	35.914356	Kan Zamaan	#17 of 545 Restaurants in Amman	141	/Restaurant_Review-g293986-d1852510-Reviews-Kan_Zamaan-Amman_Amman_Governorate.html
47	Mediterranean	31.952505	35.907158	Levant	#18 of 545 Restaurants in Amman	275	/Restaurant_Review-g293986-d2477583-Reviews-Levant-Amman_Amman_Governorate.html
48	Lebanese	31.95136	35.916283	Levant Restaurant	#19 of 545 Restaurants in Amman	99	/Restaurant_Review-g293986-d6417061-Reviews-Levant_Restaurant-Amman_Amman_Governorate.html
49	Middle Eastern	31.941225	35.888035	Rosa Damascena	#20 of 545 Restaurants in Amman	56	/Restaurant_Review-g293986-d9590689-Reviews-Rosa_Damascena-Amman_Amman_Governorate.html
50	Fast Food	31.952257	35.93196	Hashim Restaurant	#21 of 545 Restaurants in Amman	131	/Restaurant_Review-g293986-d3267255-Reviews-Hashim_Restaurant-Amman_Amman_Governorate.html
51	Cafe	31.948015	35.931316	Books at Cafe	#22 of 545 Restaurants in Amman	343	/Restaurant_Review-g293986-d1570764-Reviews-Books_at_Cafe-Amman_Amman_Governorate.html
52	Lebanese	31.96674	35.87306	Tannoureen	#23 of 545 Restaurants in Amman	157	/Restaurant_Review-g293986-d816762-Reviews-Tannoureen-Amman_Amman_Governorate.html
53	Lebanese	31.991304	35.865364	Reem albawadi	#24 of 545 Restaurants in Amman	308	/Restaurant_Review-g293986-d807849-Reviews-Reem_albawadi-Amman_Amman_Governorate.html
54	Japanese	31.973347	35.90616	Yoshi	#25 of 545 Restaurants in Amman	144	/Restaurant_Review-g293986-d1483307-Reviews-Yoshi-Amman_Amman_Governorate.html
55	Italian	31.946836	35.878162	Gusto	#26 of 545 Restaurants in Amman	39	/Restaurant_Review-g293986-d10148621-Reviews-Gusto-Amman_Amman_Governorate.html
56	Italian	31.952566	35.9041	Clemance Restaurant	#27 of 545 Restaurants in Amman	20	/Restaurant_Review-g293986-d12242637-Reviews-Clemance_Restaurant-Amman_Amman_Governorate.html
57	Italian	31.966618	35.874744	IL Terrazzo Amman Restaurant	#28 of 545 Restaurants in Amman	61	/Restaurant_Review-g293986-d7698440-Reviews-IL_Terrazzo_Amman_Restaurant-Amman_Amman_Governorate.html
58	Japanese	31.973473	35.89811	Vinaigrette	#29 of 545 Restaurants in Amman	138	/Restaurant_Review-g293986-d3172067-Reviews-Vinaigrette-Amman_Amman_Governorate.html
59	Middle Eastern	31.965462	35.901966	Al-Quds Restaurant	#30 of 545 Restaurants in Amman	163	/Restaurant_Review-g293986-d2429468-Reviews-Al_Quds_Restaurant-Amman_Amman_Governorate.html
60	Pizza	31.963032	35.89816	Pizza Roma Cafe	#1 of 545 Restaurants in Amman	300	/Restaurant_Review-g293986-d3389330-Reviews-Pizza_Roma_Cafe-Amman_Amman_Governorate.html
61	American	31.952438	35.937958	Brisket	#2 of 545 Restaurants in Amman	268	/Restaurant_Review-g293986-d7267482-Reviews-Brisket-Amman_Amman_Governorate.html
62	Middle Eastern	31.951878	35.9332	Habibah Sweets	#3 of 545 Restaurants in Amman	665	/Restaurant_Review-g293986-d2084697-Reviews-Habibah_Sweets-Amman_Amman_Governorate.html
63	Lebanese	31.952278	35.92017	Fakhreldin Restaurant	#4 of 545 Restaurants in Amman	787	/Restaurant_Review-g293986-d1371269-Reviews-Fakhreldin_Restaurant-Amman_Amman_Governorate.html
64	Mediterranean	31.94924	35.929058	Sufra Restaurant	#5 of 545 Restaurants in Amman	701	/Restaurant_Review-g293986-d2406112-Reviews-Sufra_Restaurant-Amman_Amman_Governorate.html
65	Lebanese	31.961784	35.8701	Tawaheen al-Hawa	#6 of 545 Restaurants in Amman	713	/Restaurant_Review-g293986-d1641029-Reviews-Tawaheen_al_Hawa-Amman_Amman_Governorate.html
66	American	31.992243	35.866783	Chestnut Restaurant & Pub	#7 of 545 Restaurants in Amman	283	/Restaurant_Review-g293986-d7761403-Reviews-Chestnut_Restaurant_Pub-Amman_Amman_Governorate.html
67	Steakhouse	31.952156	35.91342	V Lounge & Restaurant	#8 of 545 Restaurants in Amman	57	/Restaurant_Review-g293986-d3989474-Reviews-V_Lounge_Restaurant-Amman_Amman_Governorate.html
68	Fast Food	31.952234	35.93188	Hashem	#9 of 545 Restaurants in Amman	1361	/Restaurant_Review-g293986-d1918356-Reviews-Hashem-Amman_Amman_Governorate.html
69	Italian	31.98758	35.866676	Melograno	#10 of 545 Restaurants in Amman	83	/Restaurant_Review-g293986-d10005312-Reviews-Melograno-Amman_Amman_Governorate.html
70	Fast Food	31.953451	35.884483	Abu Jbara	#11 of 545 Restaurants in Amman	349	/Restaurant_Review-g293986-d3261923-Reviews-Abu_Jbara-Amman_Amman_Governorate.html
71	Fast Food	31.94937	35.92642	Al-Quds	#12 of 545 Restaurants in Amman	197	/Restaurant_Review-g293986-d2277785-Reviews-Al_Quds-Amman_Amman_Governorate.html
72	Mediterranean	31.951536	35.93099	Beit Sitti	#13 of 545 Restaurants in Amman	237	/Restaurant_Review-g293986-d2441252-Reviews-Beit_Sitti-Amman_Amman_Governorate.html
73	Healthy	31.956652	35.94576	Wild Jordan Center	#14 of 545 Restaurants in Amman	415	/Restaurant_Review-g293986-d1036043-Reviews-Wild_Jordan_Center-Amman_Amman_Governorate.html
74	Steakhouse	31.952919	35.903458	Lucca Steakhouse	#15 of 545 Restaurants in Amman	116	/Restaurant_Review-g293986-d9706146-Reviews-Lucca_Steakhouse-Amman_Amman_Governorate.html
75	Lebanese	31.845284	35.91387	Burj Al Hamam	#16 of 545 Restaurants in Amman	160	/Restaurant_Review-g293986-d1181235-Reviews-Burj_Al_Hamam-Amman_Amman_Governorate.html
76	Mediterranean	31.953556	35.914356	Kan Zamaan	#17 of 545 Restaurants in Amman	141	/Restaurant_Review-g293986-d1852510-Reviews-Kan_Zamaan-Amman_Amman_Governorate.html
77	Mediterranean	31.952505	35.907158	Levant	#18 of 545 Restaurants in Amman	275	/Restaurant_Review-g293986-d2477583-Reviews-Levant-Amman_Amman_Governorate.html
78	Lebanese	31.95136	35.916283	Levant Restaurant	#19 of 545 Restaurants in Amman	99	/Restaurant_Review-g293986-d6417061-Reviews-Levant_Restaurant-Amman_Amman_Governorate.html
79	Middle Eastern	31.941225	35.888035	Rosa Damascena	#20 of 545 Restaurants in Amman	56	/Restaurant_Review-g293986-d9590689-Reviews-Rosa_Damascena-Amman_Amman_Governorate.html
80	Fast Food	31.952257	35.93196	Hashim Restaurant	#21 of 545 Restaurants in Amman	131	/Restaurant_Review-g293986-d3267255-Reviews-Hashim_Restaurant-Amman_Amman_Governorate.html
81	Cafe	31.948015	35.931316	Books at Cafe	#22 of 545 Restaurants in Amman	343	/Restaurant_Review-g293986-d1570764-Reviews-Books_at_Cafe-Amman_Amman_Governorate.html
82	Lebanese	31.96674	35.87306	Tannoureen	#23 of 545 Restaurants in Amman	157	/Restaurant_Review-g293986-d816762-Reviews-Tannoureen-Amman_Amman_Governorate.html
83	Lebanese	31.991304	35.865364	Reem albawadi	#24 of 545 Restaurants in Amman	308	/Restaurant_Review-g293986-d807849-Reviews-Reem_albawadi-Amman_Amman_Governorate.html
84	Japanese	31.973347	35.90616	Yoshi	#25 of 545 Restaurants in Amman	144	/Restaurant_Review-g293986-d1483307-Reviews-Yoshi-Amman_Amman_Governorate.html
85	Italian	31.946836	35.878162	Gusto	#26 of 545 Restaurants in Amman	39	/Restaurant_Review-g293986-d10148621-Reviews-Gusto-Amman_Amman_Governorate.html
86	Italian	31.952566	35.9041	Clemance Restaurant	#27 of 545 Restaurants in Amman	20	/Restaurant_Review-g293986-d12242637-Reviews-Clemance_Restaurant-Amman_Amman_Governorate.html
87	Italian	31.966618	35.874744	IL Terrazzo Amman Restaurant	#28 of 545 Restaurants in Amman	61	/Restaurant_Review-g293986-d7698440-Reviews-IL_Terrazzo_Amman_Restaurant-Amman_Amman_Governorate.html
88	Japanese	31.973473	35.89811	Vinaigrette	#29 of 545 Restaurants in Amman	138	/Restaurant_Review-g293986-d3172067-Reviews-Vinaigrette-Amman_Amman_Governorate.html
89	Middle Eastern	31.965462	35.901966	Al-Quds Restaurant	#30 of 545 Restaurants in Amman	163	/Restaurant_Review-g293986-d2429468-Reviews-Al_Quds_Restaurant-Amman_Amman_Governorate.html
90	Pizza	31.963032	35.89816	Pizza Roma Cafe	#1 of 545 Restaurants in Amman	300	/Restaurant_Review-g293986-d3389330-Reviews-Pizza_Roma_Cafe-Amman_Amman_Governorate.html
91	American	31.952438	35.937958	Brisket	#2 of 545 Restaurants in Amman	268	/Restaurant_Review-g293986-d7267482-Reviews-Brisket-Amman_Amman_Governorate.html
92	Middle Eastern	31.951878	35.9332	Habibah Sweets	#3 of 545 Restaurants in Amman	665	/Restaurant_Review-g293986-d2084697-Reviews-Habibah_Sweets-Amman_Amman_Governorate.html
93	Lebanese	31.952278	35.92017	Fakhreldin Restaurant	#4 of 545 Restaurants in Amman	787	/Restaurant_Review-g293986-d1371269-Reviews-Fakhreldin_Restaurant-Amman_Amman_Governorate.html
94	Mediterranean	31.94924	35.929058	Sufra Restaurant	#5 of 545 Restaurants in Amman	701	/Restaurant_Review-g293986-d2406112-Reviews-Sufra_Restaurant-Amman_Amman_Governorate.html
95	Lebanese	31.961784	35.8701	Tawaheen al-Hawa	#6 of 545 Restaurants in Amman	713	/Restaurant_Review-g293986-d1641029-Reviews-Tawaheen_al_Hawa-Amman_Amman_Governorate.html
96	American	31.992243	35.866783	Chestnut Restaurant & Pub	#7 of 545 Restaurants in Amman	283	/Restaurant_Review-g293986-d7761403-Reviews-Chestnut_Restaurant_Pub-Amman_Amman_Governorate.html
97	Steakhouse	31.952156	35.91342	V Lounge & Restaurant	#8 of 545 Restaurants in Amman	57	/Restaurant_Review-g293986-d3989474-Reviews-V_Lounge_Restaurant-Amman_Amman_Governorate.html
98	Fast Food	31.952234	35.93188	Hashem	#9 of 545 Restaurants in Amman	1361	/Restaurant_Review-g293986-d1918356-Reviews-Hashem-Amman_Amman_Governorate.html
99	Italian	31.98758	35.866676	Melograno	#10 of 545 Restaurants in Amman	83	/Restaurant_Review-g293986-d10005312-Reviews-Melograno-Amman_Amman_Governorate.html
100	Fast Food	31.953451	35.884483	Abu Jbara	#11 of 545 Restaurants in Amman	349	/Restaurant_Review-g293986-d3261923-Reviews-Abu_Jbara-Amman_Amman_Governorate.html
101	Fast Food	31.94937	35.92642	Al-Quds	#12 of 545 Restaurants in Amman	197	/Restaurant_Review-g293986-d2277785-Reviews-Al_Quds-Amman_Amman_Governorate.html
102	Mediterranean	31.951536	35.93099	Beit Sitti	#13 of 545 Restaurants in Amman	237	/Restaurant_Review-g293986-d2441252-Reviews-Beit_Sitti-Amman_Amman_Governorate.html
103	Healthy	31.956652	35.94576	Wild Jordan Center	#14 of 545 Restaurants in Amman	415	/Restaurant_Review-g293986-d1036043-Reviews-Wild_Jordan_Center-Amman_Amman_Governorate.html
104	Steakhouse	31.952919	35.903458	Lucca Steakhouse	#15 of 545 Restaurants in Amman	116	/Restaurant_Review-g293986-d9706146-Reviews-Lucca_Steakhouse-Amman_Amman_Governorate.html
105	Lebanese	31.845284	35.91387	Burj Al Hamam	#16 of 545 Restaurants in Amman	160	/Restaurant_Review-g293986-d1181235-Reviews-Burj_Al_Hamam-Amman_Amman_Governorate.html
106	Mediterranean	31.953556	35.914356	Kan Zamaan	#17 of 545 Restaurants in Amman	141	/Restaurant_Review-g293986-d1852510-Reviews-Kan_Zamaan-Amman_Amman_Governorate.html
107	Mediterranean	31.952505	35.907158	Levant	#18 of 545 Restaurants in Amman	275	/Restaurant_Review-g293986-d2477583-Reviews-Levant-Amman_Amman_Governorate.html
108	Lebanese	31.95136	35.916283	Levant Restaurant	#19 of 545 Restaurants in Amman	99	/Restaurant_Review-g293986-d6417061-Reviews-Levant_Restaurant-Amman_Amman_Governorate.html
109	Middle Eastern	31.941225	35.888035	Rosa Damascena	#20 of 545 Restaurants in Amman	56	/Restaurant_Review-g293986-d9590689-Reviews-Rosa_Damascena-Amman_Amman_Governorate.html
110	Fast Food	31.952257	35.93196	Hashim Restaurant	#21 of 545 Restaurants in Amman	131	/Restaurant_Review-g293986-d3267255-Reviews-Hashim_Restaurant-Amman_Amman_Governorate.html
111	Cafe	31.948015	35.931316	Books at Cafe	#22 of 545 Restaurants in Amman	343	/Restaurant_Review-g293986-d1570764-Reviews-Books_at_Cafe-Amman_Amman_Governorate.html
112	Lebanese	31.96674	35.87306	Tannoureen	#23 of 545 Restaurants in Amman	157	/Restaurant_Review-g293986-d816762-Reviews-Tannoureen-Amman_Amman_Governorate.html
113	Lebanese	31.991304	35.865364	Reem albawadi	#24 of 545 Restaurants in Amman	308	/Restaurant_Review-g293986-d807849-Reviews-Reem_albawadi-Amman_Amman_Governorate.html
114	Japanese	31.973347	35.90616	Yoshi	#25 of 545 Restaurants in Amman	144	/Restaurant_Review-g293986-d1483307-Reviews-Yoshi-Amman_Amman_Governorate.html
115	Italian	31.946836	35.878162	Gusto	#26 of 545 Restaurants in Amman	39	/Restaurant_Review-g293986-d10148621-Reviews-Gusto-Amman_Amman_Governorate.html
116	Italian	31.952566	35.9041	Clemance Restaurant	#27 of 545 Restaurants in Amman	20	/Restaurant_Review-g293986-d12242637-Reviews-Clemance_Restaurant-Amman_Amman_Governorate.html
117	Italian	31.966618	35.874744	IL Terrazzo Amman Restaurant	#28 of 545 Restaurants in Amman	61	/Restaurant_Review-g293986-d7698440-Reviews-IL_Terrazzo_Amman_Restaurant-Amman_Amman_Governorate.html
118	Japanese	31.973473	35.89811	Vinaigrette	#29 of 545 Restaurants in Amman	138	/Restaurant_Review-g293986-d3172067-Reviews-Vinaigrette-Amman_Amman_Governorate.html
119	Middle Eastern	31.965462	35.901966	Al-Quds Restaurant	#30 of 545 Restaurants in Amman	163	/Restaurant_Review-g293986-d2429468-Reviews-Al_Quds_Restaurant-Amman_Amman_Governorate.html
120	Pizza	31.963032	35.89816	Pizza Roma Cafe	#1 of 545 Restaurants in Amman	300	/Restaurant_Review-g293986-d3389330-Reviews-Pizza_Roma_Cafe-Amman_Amman_Governorate.html
121	American	31.952438	35.937958	Brisket	#2 of 545 Restaurants in Amman	268	/Restaurant_Review-g293986-d7267482-Reviews-Brisket-Amman_Amman_Governorate.html
122	Middle Eastern	31.951878	35.9332	Habibah Sweets	#3 of 545 Restaurants in Amman	665	/Restaurant_Review-g293986-d2084697-Reviews-Habibah_Sweets-Amman_Amman_Governorate.html
123	Lebanese	31.952278	35.92017	Fakhreldin Restaurant	#4 of 545 Restaurants in Amman	787	/Restaurant_Review-g293986-d1371269-Reviews-Fakhreldin_Restaurant-Amman_Amman_Governorate.html
124	Mediterranean	31.94924	35.929058	Sufra Restaurant	#5 of 545 Restaurants in Amman	701	/Restaurant_Review-g293986-d2406112-Reviews-Sufra_Restaurant-Amman_Amman_Governorate.html
125	Lebanese	31.961784	35.8701	Tawaheen al-Hawa	#6 of 545 Restaurants in Amman	713	/Restaurant_Review-g293986-d1641029-Reviews-Tawaheen_al_Hawa-Amman_Amman_Governorate.html
126	American	31.992243	35.866783	Chestnut Restaurant & Pub	#7 of 545 Restaurants in Amman	283	/Restaurant_Review-g293986-d7761403-Reviews-Chestnut_Restaurant_Pub-Amman_Amman_Governorate.html
127	Steakhouse	31.952156	35.91342	V Lounge & Restaurant	#8 of 545 Restaurants in Amman	57	/Restaurant_Review-g293986-d3989474-Reviews-V_Lounge_Restaurant-Amman_Amman_Governorate.html
128	Fast Food	31.952234	35.93188	Hashem	#9 of 545 Restaurants in Amman	1361	/Restaurant_Review-g293986-d1918356-Reviews-Hashem-Amman_Amman_Governorate.html
129	Italian	31.98758	35.866676	Melograno	#10 of 545 Restaurants in Amman	83	/Restaurant_Review-g293986-d10005312-Reviews-Melograno-Amman_Amman_Governorate.html
130	Fast Food	31.953451	35.884483	Abu Jbara	#11 of 545 Restaurants in Amman	349	/Restaurant_Review-g293986-d3261923-Reviews-Abu_Jbara-Amman_Amman_Governorate.html
131	Fast Food	31.94937	35.92642	Al-Quds	#12 of 545 Restaurants in Amman	197	/Restaurant_Review-g293986-d2277785-Reviews-Al_Quds-Amman_Amman_Governorate.html
132	Mediterranean	31.951536	35.93099	Beit Sitti	#13 of 545 Restaurants in Amman	237	/Restaurant_Review-g293986-d2441252-Reviews-Beit_Sitti-Amman_Amman_Governorate.html
133	Healthy	31.956652	35.94576	Wild Jordan Center	#14 of 545 Restaurants in Amman	415	/Restaurant_Review-g293986-d1036043-Reviews-Wild_Jordan_Center-Amman_Amman_Governorate.html
134	Steakhouse	31.952919	35.903458	Lucca Steakhouse	#15 of 545 Restaurants in Amman	116	/Restaurant_Review-g293986-d9706146-Reviews-Lucca_Steakhouse-Amman_Amman_Governorate.html
135	Lebanese	31.845284	35.91387	Burj Al Hamam	#16 of 545 Restaurants in Amman	160	/Restaurant_Review-g293986-d1181235-Reviews-Burj_Al_Hamam-Amman_Amman_Governorate.html
136	Mediterranean	31.953556	35.914356	Kan Zamaan	#17 of 545 Restaurants in Amman	141	/Restaurant_Review-g293986-d1852510-Reviews-Kan_Zamaan-Amman_Amman_Governorate.html
137	Mediterranean	31.952505	35.907158	Levant	#18 of 545 Restaurants in Amman	275	/Restaurant_Review-g293986-d2477583-Reviews-Levant-Amman_Amman_Governorate.html
138	Lebanese	31.95136	35.916283	Levant Restaurant	#19 of 545 Restaurants in Amman	99	/Restaurant_Review-g293986-d6417061-Reviews-Levant_Restaurant-Amman_Amman_Governorate.html
139	Middle Eastern	31.941225	35.888035	Rosa Damascena	#20 of 545 Restaurants in Amman	56	/Restaurant_Review-g293986-d9590689-Reviews-Rosa_Damascena-Amman_Amman_Governorate.html
140	Fast Food	31.952257	35.93196	Hashim Restaurant	#21 of 545 Restaurants in Amman	131	/Restaurant_Review-g293986-d3267255-Reviews-Hashim_Restaurant-Amman_Amman_Governorate.html
141	Cafe	31.948015	35.931316	Books at Cafe	#22 of 545 Restaurants in Amman	343	/Restaurant_Review-g293986-d1570764-Reviews-Books_at_Cafe-Amman_Amman_Governorate.html
142	Lebanese	31.96674	35.87306	Tannoureen	#23 of 545 Restaurants in Amman	157	/Restaurant_Review-g293986-d816762-Reviews-Tannoureen-Amman_Amman_Governorate.html
143	Lebanese	31.991304	35.865364	Reem albawadi	#24 of 545 Restaurants in Amman	308	/Restaurant_Review-g293986-d807849-Reviews-Reem_albawadi-Amman_Amman_Governorate.html
144	Japanese	31.973347	35.90616	Yoshi	#25 of 545 Restaurants in Amman	144	/Restaurant_Review-g293986-d1483307-Reviews-Yoshi-Amman_Amman_Governorate.html
145	Italian	31.946836	35.878162	Gusto	#26 of 545 Restaurants in Amman	39	/Restaurant_Review-g293986-d10148621-Reviews-Gusto-Amman_Amman_Governorate.html
146	Italian	31.952566	35.9041	Clemance Restaurant	#27 of 545 Restaurants in Amman	20	/Restaurant_Review-g293986-d12242637-Reviews-Clemance_Restaurant-Amman_Amman_Governorate.html
147	Italian	31.966618	35.874744	IL Terrazzo Amman Restaurant	#28 of 545 Restaurants in Amman	61	/Restaurant_Review-g293986-d7698440-Reviews-IL_Terrazzo_Amman_Restaurant-Amman_Amman_Governorate.html
148	Japanese	31.973473	35.89811	Vinaigrette	#29 of 545 Restaurants in Amman	138	/Restaurant_Review-g293986-d3172067-Reviews-Vinaigrette-Amman_Amman_Governorate.html
149	Middle Eastern	31.965462	35.901966	Al-Quds Restaurant	#30 of 545 Restaurants in Amman	163	/Restaurant_Review-g293986-d2429468-Reviews-Al_Quds_Restaurant-Amman_Amman_Governorate.html
150	Pizza	31.963032	35.89816	Pizza Roma Cafe	#1 of 545 Restaurants in Amman	300	/Restaurant_Review-g293986-d3389330-Reviews-Pizza_Roma_Cafe-Amman_Amman_Governorate.html
151	American	31.952438	35.937958	Brisket	#2 of 545 Restaurants in Amman	268	/Restaurant_Review-g293986-d7267482-Reviews-Brisket-Amman_Amman_Governorate.html
152	Middle Eastern	31.951878	35.9332	Habibah Sweets	#3 of 545 Restaurants in Amman	665	/Restaurant_Review-g293986-d2084697-Reviews-Habibah_Sweets-Amman_Amman_Governorate.html
153	Lebanese	31.952278	35.92017	Fakhreldin Restaurant	#4 of 545 Restaurants in Amman	787	/Restaurant_Review-g293986-d1371269-Reviews-Fakhreldin_Restaurant-Amman_Amman_Governorate.html
154	Mediterranean	31.94924	35.929058	Sufra Restaurant	#5 of 545 Restaurants in Amman	701	/Restaurant_Review-g293986-d2406112-Reviews-Sufra_Restaurant-Amman_Amman_Governorate.html
155	Lebanese	31.961784	35.8701	Tawaheen al-Hawa	#6 of 545 Restaurants in Amman	713	/Restaurant_Review-g293986-d1641029-Reviews-Tawaheen_al_Hawa-Amman_Amman_Governorate.html
156	American	31.992243	35.866783	Chestnut Restaurant & Pub	#7 of 545 Restaurants in Amman	283	/Restaurant_Review-g293986-d7761403-Reviews-Chestnut_Restaurant_Pub-Amman_Amman_Governorate.html
157	Steakhouse	31.952156	35.91342	V Lounge & Restaurant	#8 of 545 Restaurants in Amman	57	/Restaurant_Review-g293986-d3989474-Reviews-V_Lounge_Restaurant-Amman_Amman_Governorate.html
158	Fast Food	31.952234	35.93188	Hashem	#9 of 545 Restaurants in Amman	1361	/Restaurant_Review-g293986-d1918356-Reviews-Hashem-Amman_Amman_Governorate.html
159	Italian	31.98758	35.866676	Melograno	#10 of 545 Restaurants in Amman	83	/Restaurant_Review-g293986-d10005312-Reviews-Melograno-Amman_Amman_Governorate.html
160	Fast Food	31.953451	35.884483	Abu Jbara	#11 of 545 Restaurants in Amman	349	/Restaurant_Review-g293986-d3261923-Reviews-Abu_Jbara-Amman_Amman_Governorate.html
161	Fast Food	31.94937	35.92642	Al-Quds	#12 of 545 Restaurants in Amman	197	/Restaurant_Review-g293986-d2277785-Reviews-Al_Quds-Amman_Amman_Governorate.html
162	Mediterranean	31.951536	35.93099	Beit Sitti	#13 of 545 Restaurants in Amman	237	/Restaurant_Review-g293986-d2441252-Reviews-Beit_Sitti-Amman_Amman_Governorate.html
163	Healthy	31.956652	35.94576	Wild Jordan Center	#14 of 545 Restaurants in Amman	415	/Restaurant_Review-g293986-d1036043-Reviews-Wild_Jordan_Center-Amman_Amman_Governorate.html
164	Steakhouse	31.952919	35.903458	Lucca Steakhouse	#15 of 545 Restaurants in Amman	116	/Restaurant_Review-g293986-d9706146-Reviews-Lucca_Steakhouse-Amman_Amman_Governorate.html
165	Lebanese	31.845284	35.91387	Burj Al Hamam	#16 of 545 Restaurants in Amman	160	/Restaurant_Review-g293986-d1181235-Reviews-Burj_Al_Hamam-Amman_Amman_Governorate.html
166	Mediterranean	31.953556	35.914356	Kan Zamaan	#17 of 545 Restaurants in Amman	141	/Restaurant_Review-g293986-d1852510-Reviews-Kan_Zamaan-Amman_Amman_Governorate.html
167	Mediterranean	31.952505	35.907158	Levant	#18 of 545 Restaurants in Amman	275	/Restaurant_Review-g293986-d2477583-Reviews-Levant-Amman_Amman_Governorate.html
168	Lebanese	31.95136	35.916283	Levant Restaurant	#19 of 545 Restaurants in Amman	99	/Restaurant_Review-g293986-d6417061-Reviews-Levant_Restaurant-Amman_Amman_Governorate.html
169	Middle Eastern	31.941225	35.888035	Rosa Damascena	#20 of 545 Restaurants in Amman	56	/Restaurant_Review-g293986-d9590689-Reviews-Rosa_Damascena-Amman_Amman_Governorate.html
170	Fast Food	31.952257	35.93196	Hashim Restaurant	#21 of 545 Restaurants in Amman	131	/Restaurant_Review-g293986-d3267255-Reviews-Hashim_Restaurant-Amman_Amman_Governorate.html
171	Cafe	31.948015	35.931316	Books at Cafe	#22 of 545 Restaurants in Amman	343	/Restaurant_Review-g293986-d1570764-Reviews-Books_at_Cafe-Amman_Amman_Governorate.html
172	Lebanese	31.96674	35.87306	Tannoureen	#23 of 545 Restaurants in Amman	157	/Restaurant_Review-g293986-d816762-Reviews-Tannoureen-Amman_Amman_Governorate.html
173	Lebanese	31.991304	35.865364	Reem albawadi	#24 of 545 Restaurants in Amman	308	/Restaurant_Review-g293986-d807849-Reviews-Reem_albawadi-Amman_Amman_Governorate.html
174	Japanese	31.973347	35.90616	Yoshi	#25 of 545 Restaurants in Amman	144	/Restaurant_Review-g293986-d1483307-Reviews-Yoshi-Amman_Amman_Governorate.html
175	Italian	31.946836	35.878162	Gusto	#26 of 545 Restaurants in Amman	39	/Restaurant_Review-g293986-d10148621-Reviews-Gusto-Amman_Amman_Governorate.html
176	Italian	31.952566	35.9041	Clemance Restaurant	#27 of 545 Restaurants in Amman	20	/Restaurant_Review-g293986-d12242637-Reviews-Clemance_Restaurant-Amman_Amman_Governorate.html
177	Italian	31.966618	35.874744	IL Terrazzo Amman Restaurant	#28 of 545 Restaurants in Amman	61	/Restaurant_Review-g293986-d7698440-Reviews-IL_Terrazzo_Amman_Restaurant-Amman_Amman_Governorate.html
178	Japanese	31.973473	35.89811	Vinaigrette	#29 of 545 Restaurants in Amman	138	/Restaurant_Review-g293986-d3172067-Reviews-Vinaigrette-Amman_Amman_Governorate.html
179	Middle Eastern	31.965462	35.901966	Al-Quds Restaurant	#30 of 545 Restaurants in Amman	163	/Restaurant_Review-g293986-d2429468-Reviews-Al_Quds_Restaurant-Amman_Amman_Governorate.html
180	Pizza	31.963032	35.89816	Pizza Roma Cafe	#1 of 545 Restaurants in Amman	300	/Restaurant_Review-g293986-d3389330-Reviews-Pizza_Roma_Cafe-Amman_Amman_Governorate.html
181	American	31.952438	35.937958	Brisket	#2 of 545 Restaurants in Amman	268	/Restaurant_Review-g293986-d7267482-Reviews-Brisket-Amman_Amman_Governorate.html
182	Middle Eastern	31.951878	35.9332	Habibah Sweets	#3 of 545 Restaurants in Amman	665	/Restaurant_Review-g293986-d2084697-Reviews-Habibah_Sweets-Amman_Amman_Governorate.html
183	Lebanese	31.952278	35.92017	Fakhreldin Restaurant	#4 of 545 Restaurants in Amman	787	/Restaurant_Review-g293986-d1371269-Reviews-Fakhreldin_Restaurant-Amman_Amman_Governorate.html
184	Mediterranean	31.94924	35.929058	Sufra Restaurant	#5 of 545 Restaurants in Amman	701	/Restaurant_Review-g293986-d2406112-Reviews-Sufra_Restaurant-Amman_Amman_Governorate.html
185	Lebanese	31.961784	35.8701	Tawaheen al-Hawa	#6 of 545 Restaurants in Amman	713	/Restaurant_Review-g293986-d1641029-Reviews-Tawaheen_al_Hawa-Amman_Amman_Governorate.html
186	American	31.992243	35.866783	Chestnut Restaurant & Pub	#7 of 545 Restaurants in Amman	283	/Restaurant_Review-g293986-d7761403-Reviews-Chestnut_Restaurant_Pub-Amman_Amman_Governorate.html
187	Steakhouse	31.952156	35.91342	V Lounge & Restaurant	#8 of 545 Restaurants in Amman	57	/Restaurant_Review-g293986-d3989474-Reviews-V_Lounge_Restaurant-Amman_Amman_Governorate.html
188	Fast Food	31.952234	35.93188	Hashem	#9 of 545 Restaurants in Amman	1361	/Restaurant_Review-g293986-d1918356-Reviews-Hashem-Amman_Amman_Governorate.html
189	Italian	31.98758	35.866676	Melograno	#10 of 545 Restaurants in Amman	83	/Restaurant_Review-g293986-d10005312-Reviews-Melograno-Amman_Amman_Governorate.html
190	Fast Food	31.953451	35.884483	Abu Jbara	#11 of 545 Restaurants in Amman	349	/Restaurant_Review-g293986-d3261923-Reviews-Abu_Jbara-Amman_Amman_Governorate.html
191	Fast Food	31.94937	35.92642	Al-Quds	#12 of 545 Restaurants in Amman	197	/Restaurant_Review-g293986-d2277785-Reviews-Al_Quds-Amman_Amman_Governorate.html
192	Mediterranean	31.951536	35.93099	Beit Sitti	#13 of 545 Restaurants in Amman	237	/Restaurant_Review-g293986-d2441252-Reviews-Beit_Sitti-Amman_Amman_Governorate.html
193	Healthy	31.956652	35.94576	Wild Jordan Center	#14 of 545 Restaurants in Amman	415	/Restaurant_Review-g293986-d1036043-Reviews-Wild_Jordan_Center-Amman_Amman_Governorate.html
194	Steakhouse	31.952919	35.903458	Lucca Steakhouse	#15 of 545 Restaurants in Amman	116	/Restaurant_Review-g293986-d9706146-Reviews-Lucca_Steakhouse-Amman_Amman_Governorate.html
195	Lebanese	31.845284	35.91387	Burj Al Hamam	#16 of 545 Restaurants in Amman	160	/Restaurant_Review-g293986-d1181235-Reviews-Burj_Al_Hamam-Amman_Amman_Governorate.html
196	Mediterranean	31.953556	35.914356	Kan Zamaan	#17 of 545 Restaurants in Amman	141	/Restaurant_Review-g293986-d1852510-Reviews-Kan_Zamaan-Amman_Amman_Governorate.html
197	Mediterranean	31.952505	35.907158	Levant	#18 of 545 Restaurants in Amman	275	/Restaurant_Review-g293986-d2477583-Reviews-Levant-Amman_Amman_Governorate.html
198	Lebanese	31.95136	35.916283	Levant Restaurant	#19 of 545 Restaurants in Amman	99	/Restaurant_Review-g293986-d6417061-Reviews-Levant_Restaurant-Amman_Amman_Governorate.html
199	Middle Eastern	31.941225	35.888035	Rosa Damascena	#20 of 545 Restaurants in Amman	56	/Restaurant_Review-g293986-d9590689-Reviews-Rosa_Damascena-Amman_Amman_Governorate.html
200	Fast Food	31.952257	35.93196	Hashim Restaurant	#21 of 545 Restaurants in Amman	131	/Restaurant_Review-g293986-d3267255-Reviews-Hashim_Restaurant-Amman_Amman_Governorate.html
201	Cafe	31.948015	35.931316	Books at Cafe	#22 of 545 Restaurants in Amman	343	/Restaurant_Review-g293986-d1570764-Reviews-Books_at_Cafe-Amman_Amman_Governorate.html
202	Lebanese	31.96674	35.87306	Tannoureen	#23 of 545 Restaurants in Amman	157	/Restaurant_Review-g293986-d816762-Reviews-Tannoureen-Amman_Amman_Governorate.html
203	Lebanese	31.991304	35.865364	Reem albawadi	#24 of 545 Restaurants in Amman	308	/Restaurant_Review-g293986-d807849-Reviews-Reem_albawadi-Amman_Amman_Governorate.html
204	Japanese	31.973347	35.90616	Yoshi	#25 of 545 Restaurants in Amman	144	/Restaurant_Review-g293986-d1483307-Reviews-Yoshi-Amman_Amman_Governorate.html
205	Italian	31.946836	35.878162	Gusto	#26 of 545 Restaurants in Amman	39	/Restaurant_Review-g293986-d10148621-Reviews-Gusto-Amman_Amman_Governorate.html
206	Italian	31.952566	35.9041	Clemance Restaurant	#27 of 545 Restaurants in Amman	20	/Restaurant_Review-g293986-d12242637-Reviews-Clemance_Restaurant-Amman_Amman_Governorate.html
207	Italian	31.966618	35.874744	IL Terrazzo Amman Restaurant	#28 of 545 Restaurants in Amman	61	/Restaurant_Review-g293986-d7698440-Reviews-IL_Terrazzo_Amman_Restaurant-Amman_Amman_Governorate.html
208	Japanese	31.973473	35.89811	Vinaigrette	#29 of 545 Restaurants in Amman	138	/Restaurant_Review-g293986-d3172067-Reviews-Vinaigrette-Amman_Amman_Governorate.html
209	Middle Eastern	31.965462	35.901966	Al-Quds Restaurant	#30 of 545 Restaurants in Amman	163	/Restaurant_Review-g293986-d2429468-Reviews-Al_Quds_Restaurant-Amman_Amman_Governorate.html
210	Pizza	31.963032	35.89816	Pizza Roma Cafe	#1 of 545 Restaurants in Amman	300	/Restaurant_Review-g293986-d3389330-Reviews-Pizza_Roma_Cafe-Amman_Amman_Governorate.html
211	American	31.952438	35.937958	Brisket	#2 of 545 Restaurants in Amman	268	/Restaurant_Review-g293986-d7267482-Reviews-Brisket-Amman_Amman_Governorate.html
212	Middle Eastern	31.951878	35.9332	Habibah Sweets	#3 of 545 Restaurants in Amman	665	/Restaurant_Review-g293986-d2084697-Reviews-Habibah_Sweets-Amman_Amman_Governorate.html
213	Lebanese	31.952278	35.92017	Fakhreldin Restaurant	#4 of 545 Restaurants in Amman	787	/Restaurant_Review-g293986-d1371269-Reviews-Fakhreldin_Restaurant-Amman_Amman_Governorate.html
214	Mediterranean	31.94924	35.929058	Sufra Restaurant	#5 of 545 Restaurants in Amman	701	/Restaurant_Review-g293986-d2406112-Reviews-Sufra_Restaurant-Amman_Amman_Governorate.html
215	Lebanese	31.961784	35.8701	Tawaheen al-Hawa	#6 of 545 Restaurants in Amman	713	/Restaurant_Review-g293986-d1641029-Reviews-Tawaheen_al_Hawa-Amman_Amman_Governorate.html
216	American	31.992243	35.866783	Chestnut Restaurant & Pub	#7 of 545 Restaurants in Amman	283	/Restaurant_Review-g293986-d7761403-Reviews-Chestnut_Restaurant_Pub-Amman_Amman_Governorate.html
217	Steakhouse	31.952156	35.91342	V Lounge & Restaurant	#8 of 545 Restaurants in Amman	57	/Restaurant_Review-g293986-d3989474-Reviews-V_Lounge_Restaurant-Amman_Amman_Governorate.html
218	Fast Food	31.952234	35.93188	Hashem	#9 of 545 Restaurants in Amman	1361	/Restaurant_Review-g293986-d1918356-Reviews-Hashem-Amman_Amman_Governorate.html
219	Italian	31.98758	35.866676	Melograno	#10 of 545 Restaurants in Amman	83	/Restaurant_Review-g293986-d10005312-Reviews-Melograno-Amman_Amman_Governorate.html
220	Fast Food	31.953451	35.884483	Abu Jbara	#11 of 545 Restaurants in Amman	349	/Restaurant_Review-g293986-d3261923-Reviews-Abu_Jbara-Amman_Amman_Governorate.html
221	Fast Food	31.94937	35.92642	Al-Quds	#12 of 545 Restaurants in Amman	197	/Restaurant_Review-g293986-d2277785-Reviews-Al_Quds-Amman_Amman_Governorate.html
222	Mediterranean	31.951536	35.93099	Beit Sitti	#13 of 545 Restaurants in Amman	237	/Restaurant_Review-g293986-d2441252-Reviews-Beit_Sitti-Amman_Amman_Governorate.html
223	Healthy	31.956652	35.94576	Wild Jordan Center	#14 of 545 Restaurants in Amman	415	/Restaurant_Review-g293986-d1036043-Reviews-Wild_Jordan_Center-Amman_Amman_Governorate.html
224	Steakhouse	31.952919	35.903458	Lucca Steakhouse	#15 of 545 Restaurants in Amman	116	/Restaurant_Review-g293986-d9706146-Reviews-Lucca_Steakhouse-Amman_Amman_Governorate.html
225	Lebanese	31.845284	35.91387	Burj Al Hamam	#16 of 545 Restaurants in Amman	160	/Restaurant_Review-g293986-d1181235-Reviews-Burj_Al_Hamam-Amman_Amman_Governorate.html
226	Mediterranean	31.953556	35.914356	Kan Zamaan	#17 of 545 Restaurants in Amman	141	/Restaurant_Review-g293986-d1852510-Reviews-Kan_Zamaan-Amman_Amman_Governorate.html
227	Mediterranean	31.952505	35.907158	Levant	#18 of 545 Restaurants in Amman	275	/Restaurant_Review-g293986-d2477583-Reviews-Levant-Amman_Amman_Governorate.html
228	Lebanese	31.95136	35.916283	Levant Restaurant	#19 of 545 Restaurants in Amman	99	/Restaurant_Review-g293986-d6417061-Reviews-Levant_Restaurant-Amman_Amman_Governorate.html
229	Middle Eastern	31.941225	35.888035	Rosa Damascena	#20 of 545 Restaurants in Amman	56	/Restaurant_Review-g293986-d9590689-Reviews-Rosa_Damascena-Amman_Amman_Governorate.html
230	Fast Food	31.952257	35.93196	Hashim Restaurant	#21 of 545 Restaurants in Amman	131	/Restaurant_Review-g293986-d3267255-Reviews-Hashim_Restaurant-Amman_Amman_Governorate.html
231	Cafe	31.948015	35.931316	Books at Cafe	#22 of 545 Restaurants in Amman	343	/Restaurant_Review-g293986-d1570764-Reviews-Books_at_Cafe-Amman_Amman_Governorate.html
232	Lebanese	31.96674	35.87306	Tannoureen	#23 of 545 Restaurants in Amman	157	/Restaurant_Review-g293986-d816762-Reviews-Tannoureen-Amman_Amman_Governorate.html
233	Lebanese	31.991304	35.865364	Reem albawadi	#24 of 545 Restaurants in Amman	308	/Restaurant_Review-g293986-d807849-Reviews-Reem_albawadi-Amman_Amman_Governorate.html
234	Japanese	31.973347	35.90616	Yoshi	#25 of 545 Restaurants in Amman	144	/Restaurant_Review-g293986-d1483307-Reviews-Yoshi-Amman_Amman_Governorate.html
235	Italian	31.946836	35.878162	Gusto	#26 of 545 Restaurants in Amman	39	/Restaurant_Review-g293986-d10148621-Reviews-Gusto-Amman_Amman_Governorate.html
236	Italian	31.952566	35.9041	Clemance Restaurant	#27 of 545 Restaurants in Amman	20	/Restaurant_Review-g293986-d12242637-Reviews-Clemance_Restaurant-Amman_Amman_Governorate.html
237	Italian	31.966618	35.874744	IL Terrazzo Amman Restaurant	#28 of 545 Restaurants in Amman	61	/Restaurant_Review-g293986-d7698440-Reviews-IL_Terrazzo_Amman_Restaurant-Amman_Amman_Governorate.html
238	Japanese	31.973473	35.89811	Vinaigrette	#29 of 545 Restaurants in Amman	138	/Restaurant_Review-g293986-d3172067-Reviews-Vinaigrette-Amman_Amman_Governorate.html
239	Middle Eastern	31.965462	35.901966	Al-Quds Restaurant	#30 of 545 Restaurants in Amman	163	/Restaurant_Review-g293986-d2429468-Reviews-Al_Quds_Restaurant-Amman_Amman_Governorate.html
240	Pizza	31.963032	35.89816	Pizza Roma Cafe	#1 of 545 Restaurants in Amman	300	/Restaurant_Review-g293986-d3389330-Reviews-Pizza_Roma_Cafe-Amman_Amman_Governorate.html
241	American	31.952438	35.937958	Brisket	#2 of 545 Restaurants in Amman	268	/Restaurant_Review-g293986-d7267482-Reviews-Brisket-Amman_Amman_Governorate.html
242	Middle Eastern	31.951878	35.9332	Habibah Sweets	#3 of 545 Restaurants in Amman	665	/Restaurant_Review-g293986-d2084697-Reviews-Habibah_Sweets-Amman_Amman_Governorate.html
243	Lebanese	31.952278	35.92017	Fakhreldin Restaurant	#4 of 545 Restaurants in Amman	787	/Restaurant_Review-g293986-d1371269-Reviews-Fakhreldin_Restaurant-Amman_Amman_Governorate.html
244	Mediterranean	31.94924	35.929058	Sufra Restaurant	#5 of 545 Restaurants in Amman	701	/Restaurant_Review-g293986-d2406112-Reviews-Sufra_Restaurant-Amman_Amman_Governorate.html
245	Lebanese	31.961784	35.8701	Tawaheen al-Hawa	#6 of 545 Restaurants in Amman	713	/Restaurant_Review-g293986-d1641029-Reviews-Tawaheen_al_Hawa-Amman_Amman_Governorate.html
246	American	31.992243	35.866783	Chestnut Restaurant & Pub	#7 of 545 Restaurants in Amman	283	/Restaurant_Review-g293986-d7761403-Reviews-Chestnut_Restaurant_Pub-Amman_Amman_Governorate.html
247	Steakhouse	31.952156	35.91342	V Lounge & Restaurant	#8 of 545 Restaurants in Amman	57	/Restaurant_Review-g293986-d3989474-Reviews-V_Lounge_Restaurant-Amman_Amman_Governorate.html
248	Fast Food	31.952234	35.93188	Hashem	#9 of 545 Restaurants in Amman	1361	/Restaurant_Review-g293986-d1918356-Reviews-Hashem-Amman_Amman_Governorate.html
249	Italian	31.98758	35.866676	Melograno	#10 of 545 Restaurants in Amman	83	/Restaurant_Review-g293986-d10005312-Reviews-Melograno-Amman_Amman_Governorate.html
250	Fast Food	31.953451	35.884483	Abu Jbara	#11 of 545 Restaurants in Amman	349	/Restaurant_Review-g293986-d3261923-Reviews-Abu_Jbara-Amman_Amman_Governorate.html
251	Fast Food	31.94937	35.92642	Al-Quds	#12 of 545 Restaurants in Amman	197	/Restaurant_Review-g293986-d2277785-Reviews-Al_Quds-Amman_Amman_Governorate.html
252	Mediterranean	31.951536	35.93099	Beit Sitti	#13 of 545 Restaurants in Amman	237	/Restaurant_Review-g293986-d2441252-Reviews-Beit_Sitti-Amman_Amman_Governorate.html
253	Healthy	31.956652	35.94576	Wild Jordan Center	#14 of 545 Restaurants in Amman	415	/Restaurant_Review-g293986-d1036043-Reviews-Wild_Jordan_Center-Amman_Amman_Governorate.html
254	Steakhouse	31.952919	35.903458	Lucca Steakhouse	#15 of 545 Restaurants in Amman	116	/Restaurant_Review-g293986-d9706146-Reviews-Lucca_Steakhouse-Amman_Amman_Governorate.html
255	Lebanese	31.845284	35.91387	Burj Al Hamam	#16 of 545 Restaurants in Amman	160	/Restaurant_Review-g293986-d1181235-Reviews-Burj_Al_Hamam-Amman_Amman_Governorate.html
256	Mediterranean	31.953556	35.914356	Kan Zamaan	#17 of 545 Restaurants in Amman	141	/Restaurant_Review-g293986-d1852510-Reviews-Kan_Zamaan-Amman_Amman_Governorate.html
257	Mediterranean	31.952505	35.907158	Levant	#18 of 545 Restaurants in Amman	275	/Restaurant_Review-g293986-d2477583-Reviews-Levant-Amman_Amman_Governorate.html
258	Lebanese	31.95136	35.916283	Levant Restaurant	#19 of 545 Restaurants in Amman	99	/Restaurant_Review-g293986-d6417061-Reviews-Levant_Restaurant-Amman_Amman_Governorate.html
259	Middle Eastern	31.941225	35.888035	Rosa Damascena	#20 of 545 Restaurants in Amman	56	/Restaurant_Review-g293986-d9590689-Reviews-Rosa_Damascena-Amman_Amman_Governorate.html
260	Fast Food	31.952257	35.93196	Hashim Restaurant	#21 of 545 Restaurants in Amman	131	/Restaurant_Review-g293986-d3267255-Reviews-Hashim_Restaurant-Amman_Amman_Governorate.html
261	Cafe	31.948015	35.931316	Books at Cafe	#22 of 545 Restaurants in Amman	343	/Restaurant_Review-g293986-d1570764-Reviews-Books_at_Cafe-Amman_Amman_Governorate.html
262	Lebanese	31.96674	35.87306	Tannoureen	#23 of 545 Restaurants in Amman	157	/Restaurant_Review-g293986-d816762-Reviews-Tannoureen-Amman_Amman_Governorate.html
263	Lebanese	31.991304	35.865364	Reem albawadi	#24 of 545 Restaurants in Amman	308	/Restaurant_Review-g293986-d807849-Reviews-Reem_albawadi-Amman_Amman_Governorate.html
264	Japanese	31.973347	35.90616	Yoshi	#25 of 545 Restaurants in Amman	144	/Restaurant_Review-g293986-d1483307-Reviews-Yoshi-Amman_Amman_Governorate.html
265	Italian	31.946836	35.878162	Gusto	#26 of 545 Restaurants in Amman	39	/Restaurant_Review-g293986-d10148621-Reviews-Gusto-Amman_Amman_Governorate.html
266	Italian	31.952566	35.9041	Clemance Restaurant	#27 of 545 Restaurants in Amman	20	/Restaurant_Review-g293986-d12242637-Reviews-Clemance_Restaurant-Amman_Amman_Governorate.html
267	Italian	31.966618	35.874744	IL Terrazzo Amman Restaurant	#28 of 545 Restaurants in Amman	61	/Restaurant_Review-g293986-d7698440-Reviews-IL_Terrazzo_Amman_Restaurant-Amman_Amman_Governorate.html
268	Japanese	31.973473	35.89811	Vinaigrette	#29 of 545 Restaurants in Amman	138	/Restaurant_Review-g293986-d3172067-Reviews-Vinaigrette-Amman_Amman_Governorate.html
269	Middle Eastern	31.965462	35.901966	Al-Quds Restaurant	#30 of 545 Restaurants in Amman	163	/Restaurant_Review-g293986-d2429468-Reviews-Al_Quds_Restaurant-Amman_Amman_Governorate.html
270	Pizza	31.963032	35.89816	Pizza Roma Cafe	#1 of 545 Restaurants in Amman	300	/Restaurant_Review-g293986-d3389330-Reviews-Pizza_Roma_Cafe-Amman_Amman_Governorate.html
271	American	31.952438	35.937958	Brisket	#2 of 545 Restaurants in Amman	268	/Restaurant_Review-g293986-d7267482-Reviews-Brisket-Amman_Amman_Governorate.html
272	Middle Eastern	31.951878	35.9332	Habibah Sweets	#3 of 545 Restaurants in Amman	665	/Restaurant_Review-g293986-d2084697-Reviews-Habibah_Sweets-Amman_Amman_Governorate.html
273	Lebanese	31.952278	35.92017	Fakhreldin Restaurant	#4 of 545 Restaurants in Amman	787	/Restaurant_Review-g293986-d1371269-Reviews-Fakhreldin_Restaurant-Amman_Amman_Governorate.html
274	Mediterranean	31.94924	35.929058	Sufra Restaurant	#5 of 545 Restaurants in Amman	701	/Restaurant_Review-g293986-d2406112-Reviews-Sufra_Restaurant-Amman_Amman_Governorate.html
275	Lebanese	31.961784	35.8701	Tawaheen al-Hawa	#6 of 545 Restaurants in Amman	713	/Restaurant_Review-g293986-d1641029-Reviews-Tawaheen_al_Hawa-Amman_Amman_Governorate.html
276	American	31.992243	35.866783	Chestnut Restaurant & Pub	#7 of 545 Restaurants in Amman	283	/Restaurant_Review-g293986-d7761403-Reviews-Chestnut_Restaurant_Pub-Amman_Amman_Governorate.html
277	Steakhouse	31.952156	35.91342	V Lounge & Restaurant	#8 of 545 Restaurants in Amman	57	/Restaurant_Review-g293986-d3989474-Reviews-V_Lounge_Restaurant-Amman_Amman_Governorate.html
278	Fast Food	31.952234	35.93188	Hashem	#9 of 545 Restaurants in Amman	1361	/Restaurant_Review-g293986-d1918356-Reviews-Hashem-Amman_Amman_Governorate.html
279	Italian	31.98758	35.866676	Melograno	#10 of 545 Restaurants in Amman	83	/Restaurant_Review-g293986-d10005312-Reviews-Melograno-Amman_Amman_Governorate.html
280	Fast Food	31.953451	35.884483	Abu Jbara	#11 of 545 Restaurants in Amman	349	/Restaurant_Review-g293986-d3261923-Reviews-Abu_Jbara-Amman_Amman_Governorate.html
281	Fast Food	31.94937	35.92642	Al-Quds	#12 of 545 Restaurants in Amman	197	/Restaurant_Review-g293986-d2277785-Reviews-Al_Quds-Amman_Amman_Governorate.html
282	Mediterranean	31.951536	35.93099	Beit Sitti	#13 of 545 Restaurants in Amman	237	/Restaurant_Review-g293986-d2441252-Reviews-Beit_Sitti-Amman_Amman_Governorate.html
283	Healthy	31.956652	35.94576	Wild Jordan Center	#14 of 545 Restaurants in Amman	415	/Restaurant_Review-g293986-d1036043-Reviews-Wild_Jordan_Center-Amman_Amman_Governorate.html
284	Steakhouse	31.952919	35.903458	Lucca Steakhouse	#15 of 545 Restaurants in Amman	116	/Restaurant_Review-g293986-d9706146-Reviews-Lucca_Steakhouse-Amman_Amman_Governorate.html
285	Lebanese	31.845284	35.91387	Burj Al Hamam	#16 of 545 Restaurants in Amman	160	/Restaurant_Review-g293986-d1181235-Reviews-Burj_Al_Hamam-Amman_Amman_Governorate.html
286	Mediterranean	31.953556	35.914356	Kan Zamaan	#17 of 545 Restaurants in Amman	141	/Restaurant_Review-g293986-d1852510-Reviews-Kan_Zamaan-Amman_Amman_Governorate.html
287	Mediterranean	31.952505	35.907158	Levant	#18 of 545 Restaurants in Amman	275	/Restaurant_Review-g293986-d2477583-Reviews-Levant-Amman_Amman_Governorate.html
288	Lebanese	31.95136	35.916283	Levant Restaurant	#19 of 545 Restaurants in Amman	99	/Restaurant_Review-g293986-d6417061-Reviews-Levant_Restaurant-Amman_Amman_Governorate.html
289	Middle Eastern	31.941225	35.888035	Rosa Damascena	#20 of 545 Restaurants in Amman	56	/Restaurant_Review-g293986-d9590689-Reviews-Rosa_Damascena-Amman_Amman_Governorate.html
290	Fast Food	31.952257	35.93196	Hashim Restaurant	#21 of 545 Restaurants in Amman	131	/Restaurant_Review-g293986-d3267255-Reviews-Hashim_Restaurant-Amman_Amman_Governorate.html
291	Cafe	31.948015	35.931316	Books at Cafe	#22 of 545 Restaurants in Amman	343	/Restaurant_Review-g293986-d1570764-Reviews-Books_at_Cafe-Amman_Amman_Governorate.html
292	Lebanese	31.96674	35.87306	Tannoureen	#23 of 545 Restaurants in Amman	157	/Restaurant_Review-g293986-d816762-Reviews-Tannoureen-Amman_Amman_Governorate.html
293	Lebanese	31.991304	35.865364	Reem albawadi	#24 of 545 Restaurants in Amman	308	/Restaurant_Review-g293986-d807849-Reviews-Reem_albawadi-Amman_Amman_Governorate.html
294	Japanese	31.973347	35.90616	Yoshi	#25 of 545 Restaurants in Amman	144	/Restaurant_Review-g293986-d1483307-Reviews-Yoshi-Amman_Amman_Governorate.html
295	Italian	31.946836	35.878162	Gusto	#26 of 545 Restaurants in Amman	39	/Restaurant_Review-g293986-d10148621-Reviews-Gusto-Amman_Amman_Governorate.html
296	Italian	31.952566	35.9041	Clemance Restaurant	#27 of 545 Restaurants in Amman	20	/Restaurant_Review-g293986-d12242637-Reviews-Clemance_Restaurant-Amman_Amman_Governorate.html
297	Italian	31.966618	35.874744	IL Terrazzo Amman Restaurant	#28 of 545 Restaurants in Amman	61	/Restaurant_Review-g293986-d7698440-Reviews-IL_Terrazzo_Amman_Restaurant-Amman_Amman_Governorate.html
298	Japanese	31.973473	35.89811	Vinaigrette	#29 of 545 Restaurants in Amman	138	/Restaurant_Review-g293986-d3172067-Reviews-Vinaigrette-Amman_Amman_Governorate.html
299	Middle Eastern	31.965462	35.901966	Al-Quds Restaurant	#30 of 545 Restaurants in Amman	163	/Restaurant_Review-g293986-d2429468-Reviews-Al_Quds_Restaurant-Amman_Amman_Governorate.html
300	Pizza	31.963032	35.89816	Pizza Roma Cafe	#1 of 545 Restaurants in Amman	300	/Restaurant_Review-g293986-d3389330-Reviews-Pizza_Roma_Cafe-Amman_Amman_Governorate.html
301	American	31.952438	35.937958	Brisket	#2 of 545 Restaurants in Amman	268	/Restaurant_Review-g293986-d7267482-Reviews-Brisket-Amman_Amman_Governorate.html
302	Middle Eastern	31.951878	35.9332	Habibah Sweets	#3 of 545 Restaurants in Amman	665	/Restaurant_Review-g293986-d2084697-Reviews-Habibah_Sweets-Amman_Amman_Governorate.html
303	Lebanese	31.952278	35.92017	Fakhreldin Restaurant	#4 of 545 Restaurants in Amman	787	/Restaurant_Review-g293986-d1371269-Reviews-Fakhreldin_Restaurant-Amman_Amman_Governorate.html
304	Mediterranean	31.94924	35.929058	Sufra Restaurant	#5 of 545 Restaurants in Amman	701	/Restaurant_Review-g293986-d2406112-Reviews-Sufra_Restaurant-Amman_Amman_Governorate.html
305	Lebanese	31.961784	35.8701	Tawaheen al-Hawa	#6 of 545 Restaurants in Amman	713	/Restaurant_Review-g293986-d1641029-Reviews-Tawaheen_al_Hawa-Amman_Amman_Governorate.html
306	American	31.992243	35.866783	Chestnut Restaurant & Pub	#7 of 545 Restaurants in Amman	283	/Restaurant_Review-g293986-d7761403-Reviews-Chestnut_Restaurant_Pub-Amman_Amman_Governorate.html
307	Steakhouse	31.952156	35.91342	V Lounge & Restaurant	#8 of 545 Restaurants in Amman	57	/Restaurant_Review-g293986-d3989474-Reviews-V_Lounge_Restaurant-Amman_Amman_Governorate.html
308	Fast Food	31.952234	35.93188	Hashem	#9 of 545 Restaurants in Amman	1361	/Restaurant_Review-g293986-d1918356-Reviews-Hashem-Amman_Amman_Governorate.html
309	Italian	31.98758	35.866676	Melograno	#10 of 545 Restaurants in Amman	83	/Restaurant_Review-g293986-d10005312-Reviews-Melograno-Amman_Amman_Governorate.html
310	Fast Food	31.953451	35.884483	Abu Jbara	#11 of 545 Restaurants in Amman	349	/Restaurant_Review-g293986-d3261923-Reviews-Abu_Jbara-Amman_Amman_Governorate.html
311	Fast Food	31.94937	35.92642	Al-Quds	#12 of 545 Restaurants in Amman	197	/Restaurant_Review-g293986-d2277785-Reviews-Al_Quds-Amman_Amman_Governorate.html
312	Mediterranean	31.951536	35.93099	Beit Sitti	#13 of 545 Restaurants in Amman	237	/Restaurant_Review-g293986-d2441252-Reviews-Beit_Sitti-Amman_Amman_Governorate.html
313	Healthy	31.956652	35.94576	Wild Jordan Center	#14 of 545 Restaurants in Amman	415	/Restaurant_Review-g293986-d1036043-Reviews-Wild_Jordan_Center-Amman_Amman_Governorate.html
314	Steakhouse	31.952919	35.903458	Lucca Steakhouse	#15 of 545 Restaurants in Amman	116	/Restaurant_Review-g293986-d9706146-Reviews-Lucca_Steakhouse-Amman_Amman_Governorate.html
315	Lebanese	31.845284	35.91387	Burj Al Hamam	#16 of 545 Restaurants in Amman	160	/Restaurant_Review-g293986-d1181235-Reviews-Burj_Al_Hamam-Amman_Amman_Governorate.html
316	Mediterranean	31.953556	35.914356	Kan Zamaan	#17 of 545 Restaurants in Amman	141	/Restaurant_Review-g293986-d1852510-Reviews-Kan_Zamaan-Amman_Amman_Governorate.html
317	Mediterranean	31.952505	35.907158	Levant	#18 of 545 Restaurants in Amman	275	/Restaurant_Review-g293986-d2477583-Reviews-Levant-Amman_Amman_Governorate.html
318	Lebanese	31.95136	35.916283	Levant Restaurant	#19 of 545 Restaurants in Amman	99	/Restaurant_Review-g293986-d6417061-Reviews-Levant_Restaurant-Amman_Amman_Governorate.html
319	Middle Eastern	31.941225	35.888035	Rosa Damascena	#20 of 545 Restaurants in Amman	56	/Restaurant_Review-g293986-d9590689-Reviews-Rosa_Damascena-Amman_Amman_Governorate.html
320	Fast Food	31.952257	35.93196	Hashim Restaurant	#21 of 545 Restaurants in Amman	131	/Restaurant_Review-g293986-d3267255-Reviews-Hashim_Restaurant-Amman_Amman_Governorate.html
321	Cafe	31.948015	35.931316	Books at Cafe	#22 of 545 Restaurants in Amman	343	/Restaurant_Review-g293986-d1570764-Reviews-Books_at_Cafe-Amman_Amman_Governorate.html
322	Lebanese	31.96674	35.87306	Tannoureen	#23 of 545 Restaurants in Amman	157	/Restaurant_Review-g293986-d816762-Reviews-Tannoureen-Amman_Amman_Governorate.html
323	Lebanese	31.991304	35.865364	Reem albawadi	#24 of 545 Restaurants in Amman	308	/Restaurant_Review-g293986-d807849-Reviews-Reem_albawadi-Amman_Amman_Governorate.html
324	Japanese	31.973347	35.90616	Yoshi	#25 of 545 Restaurants in Amman	144	/Restaurant_Review-g293986-d1483307-Reviews-Yoshi-Amman_Amman_Governorate.html
325	Italian	31.946836	35.878162	Gusto	#26 of 545 Restaurants in Amman	39	/Restaurant_Review-g293986-d10148621-Reviews-Gusto-Amman_Amman_Governorate.html
326	Italian	31.952566	35.9041	Clemance Restaurant	#27 of 545 Restaurants in Amman	20	/Restaurant_Review-g293986-d12242637-Reviews-Clemance_Restaurant-Amman_Amman_Governorate.html
327	Italian	31.966618	35.874744	IL Terrazzo Amman Restaurant	#28 of 545 Restaurants in Amman	61	/Restaurant_Review-g293986-d7698440-Reviews-IL_Terrazzo_Amman_Restaurant-Amman_Amman_Governorate.html
328	Japanese	31.973473	35.89811	Vinaigrette	#29 of 545 Restaurants in Amman	138	/Restaurant_Review-g293986-d3172067-Reviews-Vinaigrette-Amman_Amman_Governorate.html
329	Middle Eastern	31.965462	35.901966	Al-Quds Restaurant	#30 of 545 Restaurants in Amman	163	/Restaurant_Review-g293986-d2429468-Reviews-Al_Quds_Restaurant-Amman_Amman_Governorate.html
330	Pizza	31.963032	35.89816	Pizza Roma Cafe	#1 of 545 Restaurants in Amman	300	/Restaurant_Review-g293986-d3389330-Reviews-Pizza_Roma_Cafe-Amman_Amman_Governorate.html
331	American	31.952438	35.937958	Brisket	#2 of 545 Restaurants in Amman	268	/Restaurant_Review-g293986-d7267482-Reviews-Brisket-Amman_Amman_Governorate.html
332	Middle Eastern	31.951878	35.9332	Habibah Sweets	#3 of 545 Restaurants in Amman	665	/Restaurant_Review-g293986-d2084697-Reviews-Habibah_Sweets-Amman_Amman_Governorate.html
333	Lebanese	31.952278	35.92017	Fakhreldin Restaurant	#4 of 545 Restaurants in Amman	787	/Restaurant_Review-g293986-d1371269-Reviews-Fakhreldin_Restaurant-Amman_Amman_Governorate.html
334	Mediterranean	31.94924	35.929058	Sufra Restaurant	#5 of 545 Restaurants in Amman	701	/Restaurant_Review-g293986-d2406112-Reviews-Sufra_Restaurant-Amman_Amman_Governorate.html
335	Lebanese	31.961784	35.8701	Tawaheen al-Hawa	#6 of 545 Restaurants in Amman	713	/Restaurant_Review-g293986-d1641029-Reviews-Tawaheen_al_Hawa-Amman_Amman_Governorate.html
336	American	31.992243	35.866783	Chestnut Restaurant & Pub	#7 of 545 Restaurants in Amman	283	/Restaurant_Review-g293986-d7761403-Reviews-Chestnut_Restaurant_Pub-Amman_Amman_Governorate.html
337	Steakhouse	31.952156	35.91342	V Lounge & Restaurant	#8 of 545 Restaurants in Amman	57	/Restaurant_Review-g293986-d3989474-Reviews-V_Lounge_Restaurant-Amman_Amman_Governorate.html
338	Fast Food	31.952234	35.93188	Hashem	#9 of 545 Restaurants in Amman	1361	/Restaurant_Review-g293986-d1918356-Reviews-Hashem-Amman_Amman_Governorate.html
339	Italian	31.98758	35.866676	Melograno	#10 of 545 Restaurants in Amman	83	/Restaurant_Review-g293986-d10005312-Reviews-Melograno-Amman_Amman_Governorate.html
340	Fast Food	31.953451	35.884483	Abu Jbara	#11 of 545 Restaurants in Amman	349	/Restaurant_Review-g293986-d3261923-Reviews-Abu_Jbara-Amman_Amman_Governorate.html
341	Fast Food	31.94937	35.92642	Al-Quds	#12 of 545 Restaurants in Amman	197	/Restaurant_Review-g293986-d2277785-Reviews-Al_Quds-Amman_Amman_Governorate.html
342	Mediterranean	31.951536	35.93099	Beit Sitti	#13 of 545 Restaurants in Amman	237	/Restaurant_Review-g293986-d2441252-Reviews-Beit_Sitti-Amman_Amman_Governorate.html
343	Healthy	31.956652	35.94576	Wild Jordan Center	#14 of 545 Restaurants in Amman	415	/Restaurant_Review-g293986-d1036043-Reviews-Wild_Jordan_Center-Amman_Amman_Governorate.html
344	Steakhouse	31.952919	35.903458	Lucca Steakhouse	#15 of 545 Restaurants in Amman	116	/Restaurant_Review-g293986-d9706146-Reviews-Lucca_Steakhouse-Amman_Amman_Governorate.html
345	Lebanese	31.845284	35.91387	Burj Al Hamam	#16 of 545 Restaurants in Amman	160	/Restaurant_Review-g293986-d1181235-Reviews-Burj_Al_Hamam-Amman_Amman_Governorate.html
346	Mediterranean	31.953556	35.914356	Kan Zamaan	#17 of 545 Restaurants in Amman	141	/Restaurant_Review-g293986-d1852510-Reviews-Kan_Zamaan-Amman_Amman_Governorate.html
347	Mediterranean	31.952505	35.907158	Levant	#18 of 545 Restaurants in Amman	275	/Restaurant_Review-g293986-d2477583-Reviews-Levant-Amman_Amman_Governorate.html
348	Lebanese	31.95136	35.916283	Levant Restaurant	#19 of 545 Restaurants in Amman	99	/Restaurant_Review-g293986-d6417061-Reviews-Levant_Restaurant-Amman_Amman_Governorate.html
349	Middle Eastern	31.941225	35.888035	Rosa Damascena	#20 of 545 Restaurants in Amman	56	/Restaurant_Review-g293986-d9590689-Reviews-Rosa_Damascena-Amman_Amman_Governorate.html
350	Fast Food	31.952257	35.93196	Hashim Restaurant	#21 of 545 Restaurants in Amman	131	/Restaurant_Review-g293986-d3267255-Reviews-Hashim_Restaurant-Amman_Amman_Governorate.html
351	Cafe	31.948015	35.931316	Books at Cafe	#22 of 545 Restaurants in Amman	342	/Restaurant_Review-g293986-d1570764-Reviews-Books_at_Cafe-Amman_Amman_Governorate.html
352	Lebanese	31.96674	35.87306	Tannoureen	#23 of 545 Restaurants in Amman	157	/Restaurant_Review-g293986-d816762-Reviews-Tannoureen-Amman_Amman_Governorate.html
353	Lebanese	31.991304	35.865364	Reem albawadi	#24 of 545 Restaurants in Amman	308	/Restaurant_Review-g293986-d807849-Reviews-Reem_albawadi-Amman_Amman_Governorate.html
354	Japanese	31.973347	35.90616	Yoshi	#25 of 545 Restaurants in Amman	144	/Restaurant_Review-g293986-d1483307-Reviews-Yoshi-Amman_Amman_Governorate.html
355	Italian	31.946836	35.878162	Gusto	#26 of 545 Restaurants in Amman	39	/Restaurant_Review-g293986-d10148621-Reviews-Gusto-Amman_Amman_Governorate.html
356	Italian	31.952566	35.9041	Clemance Restaurant	#27 of 545 Restaurants in Amman	20	/Restaurant_Review-g293986-d12242637-Reviews-Clemance_Restaurant-Amman_Amman_Governorate.html
357	Italian	31.966618	35.874744	IL Terrazzo Amman Restaurant	#28 of 545 Restaurants in Amman	61	/Restaurant_Review-g293986-d7698440-Reviews-IL_Terrazzo_Amman_Restaurant-Amman_Amman_Governorate.html
358	Japanese	31.973473	35.89811	Vinaigrette	#29 of 545 Restaurants in Amman	138	/Restaurant_Review-g293986-d3172067-Reviews-Vinaigrette-Amman_Amman_Governorate.html
359	Middle Eastern	31.965462	35.901966	Al-Quds Restaurant	#30 of 545 Restaurants in Amman	163	/Restaurant_Review-g293986-d2429468-Reviews-Al_Quds_Restaurant-Amman_Amman_Governorate.html
360	Pizza	31.963032	35.89816	Pizza Roma Cafe	#1 of 545 Restaurants in Amman	300	/Restaurant_Review-g293986-d3389330-Reviews-Pizza_Roma_Cafe-Amman_Amman_Governorate.html
361	American	31.952438	35.937958	Brisket	#2 of 545 Restaurants in Amman	268	/Restaurant_Review-g293986-d7267482-Reviews-Brisket-Amman_Amman_Governorate.html
362	Middle Eastern	31.951878	35.9332	Habibah Sweets	#3 of 545 Restaurants in Amman	665	/Restaurant_Review-g293986-d2084697-Reviews-Habibah_Sweets-Amman_Amman_Governorate.html
363	Lebanese	31.952278	35.92017	Fakhreldin Restaurant	#4 of 545 Restaurants in Amman	787	/Restaurant_Review-g293986-d1371269-Reviews-Fakhreldin_Restaurant-Amman_Amman_Governorate.html
364	Mediterranean	31.94924	35.929058	Sufra Restaurant	#5 of 545 Restaurants in Amman	701	/Restaurant_Review-g293986-d2406112-Reviews-Sufra_Restaurant-Amman_Amman_Governorate.html
365	Lebanese	31.961784	35.8701	Tawaheen al-Hawa	#6 of 545 Restaurants in Amman	713	/Restaurant_Review-g293986-d1641029-Reviews-Tawaheen_al_Hawa-Amman_Amman_Governorate.html
366	American	31.992243	35.866783	Chestnut Restaurant & Pub	#7 of 545 Restaurants in Amman	283	/Restaurant_Review-g293986-d7761403-Reviews-Chestnut_Restaurant_Pub-Amman_Amman_Governorate.html
367	Steakhouse	31.952156	35.91342	V Lounge & Restaurant	#8 of 545 Restaurants in Amman	57	/Restaurant_Review-g293986-d3989474-Reviews-V_Lounge_Restaurant-Amman_Amman_Governorate.html
368	Fast Food	31.952234	35.93188	Hashem	#9 of 545 Restaurants in Amman	1361	/Restaurant_Review-g293986-d1918356-Reviews-Hashem-Amman_Amman_Governorate.html
369	Italian	31.98758	35.866676	Melograno	#10 of 545 Restaurants in Amman	83	/Restaurant_Review-g293986-d10005312-Reviews-Melograno-Amman_Amman_Governorate.html
370	Fast Food	31.953451	35.884483	Abu Jbara	#11 of 545 Restaurants in Amman	349	/Restaurant_Review-g293986-d3261923-Reviews-Abu_Jbara-Amman_Amman_Governorate.html
371	Fast Food	31.94937	35.92642	Al-Quds	#12 of 545 Restaurants in Amman	197	/Restaurant_Review-g293986-d2277785-Reviews-Al_Quds-Amman_Amman_Governorate.html
372	Mediterranean	31.951536	35.93099	Beit Sitti	#13 of 545 Restaurants in Amman	237	/Restaurant_Review-g293986-d2441252-Reviews-Beit_Sitti-Amman_Amman_Governorate.html
373	Healthy	31.956652	35.94576	Wild Jordan Center	#14 of 545 Restaurants in Amman	415	/Restaurant_Review-g293986-d1036043-Reviews-Wild_Jordan_Center-Amman_Amman_Governorate.html
374	Steakhouse	31.952919	35.903458	Lucca Steakhouse	#15 of 545 Restaurants in Amman	116	/Restaurant_Review-g293986-d9706146-Reviews-Lucca_Steakhouse-Amman_Amman_Governorate.html
375	Lebanese	31.845284	35.91387	Burj Al Hamam	#16 of 545 Restaurants in Amman	160	/Restaurant_Review-g293986-d1181235-Reviews-Burj_Al_Hamam-Amman_Amman_Governorate.html
376	Mediterranean	31.953556	35.914356	Kan Zamaan	#17 of 545 Restaurants in Amman	141	/Restaurant_Review-g293986-d1852510-Reviews-Kan_Zamaan-Amman_Amman_Governorate.html
377	Mediterranean	31.952505	35.907158	Levant	#18 of 545 Restaurants in Amman	275	/Restaurant_Review-g293986-d2477583-Reviews-Levant-Amman_Amman_Governorate.html
378	Lebanese	31.95136	35.916283	Levant Restaurant	#19 of 545 Restaurants in Amman	99	/Restaurant_Review-g293986-d6417061-Reviews-Levant_Restaurant-Amman_Amman_Governorate.html
379	Middle Eastern	31.941225	35.888035	Rosa Damascena	#20 of 545 Restaurants in Amman	56	/Restaurant_Review-g293986-d9590689-Reviews-Rosa_Damascena-Amman_Amman_Governorate.html
380	Fast Food	31.952257	35.93196	Hashim Restaurant	#21 of 545 Restaurants in Amman	131	/Restaurant_Review-g293986-d3267255-Reviews-Hashim_Restaurant-Amman_Amman_Governorate.html
381	Cafe	31.948015	35.931316	Books at Cafe	#22 of 545 Restaurants in Amman	342	/Restaurant_Review-g293986-d1570764-Reviews-Books_at_Cafe-Amman_Amman_Governorate.html
382	Lebanese	31.96674	35.87306	Tannoureen	#23 of 545 Restaurants in Amman	157	/Restaurant_Review-g293986-d816762-Reviews-Tannoureen-Amman_Amman_Governorate.html
383	Lebanese	31.991304	35.865364	Reem albawadi	#24 of 545 Restaurants in Amman	308	/Restaurant_Review-g293986-d807849-Reviews-Reem_albawadi-Amman_Amman_Governorate.html
384	Japanese	31.973347	35.90616	Yoshi	#25 of 545 Restaurants in Amman	144	/Restaurant_Review-g293986-d1483307-Reviews-Yoshi-Amman_Amman_Governorate.html
385	Italian	31.946836	35.878162	Gusto	#26 of 545 Restaurants in Amman	39	/Restaurant_Review-g293986-d10148621-Reviews-Gusto-Amman_Amman_Governorate.html
386	Italian	31.952566	35.9041	Clemance Restaurant	#27 of 545 Restaurants in Amman	20	/Restaurant_Review-g293986-d12242637-Reviews-Clemance_Restaurant-Amman_Amman_Governorate.html
387	Italian	31.966618	35.874744	IL Terrazzo Amman Restaurant	#28 of 545 Restaurants in Amman	61	/Restaurant_Review-g293986-d7698440-Reviews-IL_Terrazzo_Amman_Restaurant-Amman_Amman_Governorate.html
388	Japanese	31.973473	35.89811	Vinaigrette	#29 of 545 Restaurants in Amman	138	/Restaurant_Review-g293986-d3172067-Reviews-Vinaigrette-Amman_Amman_Governorate.html
389	Middle Eastern	31.965462	35.901966	Al-Quds Restaurant	#30 of 545 Restaurants in Amman	163	/Restaurant_Review-g293986-d2429468-Reviews-Al_Quds_Restaurant-Amman_Amman_Governorate.html
390	Pizza	31.963032	35.89816	Pizza Roma Cafe	#1 of 545 Restaurants in Amman	300	/Restaurant_Review-g293986-d3389330-Reviews-Pizza_Roma_Cafe-Amman_Amman_Governorate.html
391	American	31.952438	35.937958	Brisket	#2 of 545 Restaurants in Amman	268	/Restaurant_Review-g293986-d7267482-Reviews-Brisket-Amman_Amman_Governorate.html
392	Middle Eastern	31.951878	35.9332	Habibah Sweets	#3 of 545 Restaurants in Amman	665	/Restaurant_Review-g293986-d2084697-Reviews-Habibah_Sweets-Amman_Amman_Governorate.html
393	Lebanese	31.952278	35.92017	Fakhreldin Restaurant	#4 of 545 Restaurants in Amman	787	/Restaurant_Review-g293986-d1371269-Reviews-Fakhreldin_Restaurant-Amman_Amman_Governorate.html
394	Mediterranean	31.94924	35.929058	Sufra Restaurant	#5 of 545 Restaurants in Amman	701	/Restaurant_Review-g293986-d2406112-Reviews-Sufra_Restaurant-Amman_Amman_Governorate.html
395	Lebanese	31.961784	35.8701	Tawaheen al-Hawa	#6 of 545 Restaurants in Amman	713	/Restaurant_Review-g293986-d1641029-Reviews-Tawaheen_al_Hawa-Amman_Amman_Governorate.html
396	American	31.992243	35.866783	Chestnut Restaurant & Pub	#7 of 545 Restaurants in Amman	283	/Restaurant_Review-g293986-d7761403-Reviews-Chestnut_Restaurant_Pub-Amman_Amman_Governorate.html
397	Steakhouse	31.952156	35.91342	V Lounge & Restaurant	#8 of 545 Restaurants in Amman	57	/Restaurant_Review-g293986-d3989474-Reviews-V_Lounge_Restaurant-Amman_Amman_Governorate.html
398	Fast Food	31.952234	35.93188	Hashem	#9 of 545 Restaurants in Amman	1361	/Restaurant_Review-g293986-d1918356-Reviews-Hashem-Amman_Amman_Governorate.html
399	Italian	31.98758	35.866676	Melograno	#10 of 545 Restaurants in Amman	83	/Restaurant_Review-g293986-d10005312-Reviews-Melograno-Amman_Amman_Governorate.html
400	Fast Food	31.953451	35.884483	Abu Jbara	#11 of 545 Restaurants in Amman	349	/Restaurant_Review-g293986-d3261923-Reviews-Abu_Jbara-Amman_Amman_Governorate.html
401	Fast Food	31.94937	35.92642	Al-Quds	#12 of 545 Restaurants in Amman	197	/Restaurant_Review-g293986-d2277785-Reviews-Al_Quds-Amman_Amman_Governorate.html
402	Mediterranean	31.951536	35.93099	Beit Sitti	#13 of 545 Restaurants in Amman	237	/Restaurant_Review-g293986-d2441252-Reviews-Beit_Sitti-Amman_Amman_Governorate.html
403	Healthy	31.956652	35.94576	Wild Jordan Center	#14 of 545 Restaurants in Amman	414	/Restaurant_Review-g293986-d1036043-Reviews-Wild_Jordan_Center-Amman_Amman_Governorate.html
404	Steakhouse	31.952919	35.903458	Lucca Steakhouse	#15 of 545 Restaurants in Amman	116	/Restaurant_Review-g293986-d9706146-Reviews-Lucca_Steakhouse-Amman_Amman_Governorate.html
405	Lebanese	31.845284	35.91387	Burj Al Hamam	#16 of 545 Restaurants in Amman	160	/Restaurant_Review-g293986-d1181235-Reviews-Burj_Al_Hamam-Amman_Amman_Governorate.html
406	Mediterranean	31.953556	35.914356	Kan Zamaan	#17 of 545 Restaurants in Amman	141	/Restaurant_Review-g293986-d1852510-Reviews-Kan_Zamaan-Amman_Amman_Governorate.html
407	Mediterranean	31.952505	35.907158	Levant	#18 of 545 Restaurants in Amman	275	/Restaurant_Review-g293986-d2477583-Reviews-Levant-Amman_Amman_Governorate.html
408	Lebanese	31.95136	35.916283	Levant Restaurant	#19 of 545 Restaurants in Amman	99	/Restaurant_Review-g293986-d6417061-Reviews-Levant_Restaurant-Amman_Amman_Governorate.html
409	Middle Eastern	31.941225	35.888035	Rosa Damascena	#20 of 545 Restaurants in Amman	56	/Restaurant_Review-g293986-d9590689-Reviews-Rosa_Damascena-Amman_Amman_Governorate.html
410	Fast Food	31.952257	35.93196	Hashim Restaurant	#21 of 545 Restaurants in Amman	131	/Restaurant_Review-g293986-d3267255-Reviews-Hashim_Restaurant-Amman_Amman_Governorate.html
411	Cafe	31.948015	35.931316	Books at Cafe	#22 of 545 Restaurants in Amman	342	/Restaurant_Review-g293986-d1570764-Reviews-Books_at_Cafe-Amman_Amman_Governorate.html
412	Lebanese	31.96674	35.87306	Tannoureen	#23 of 545 Restaurants in Amman	157	/Restaurant_Review-g293986-d816762-Reviews-Tannoureen-Amman_Amman_Governorate.html
413	Lebanese	31.991304	35.865364	Reem albawadi	#24 of 545 Restaurants in Amman	308	/Restaurant_Review-g293986-d807849-Reviews-Reem_albawadi-Amman_Amman_Governorate.html
414	Japanese	31.973347	35.90616	Yoshi	#25 of 545 Restaurants in Amman	144	/Restaurant_Review-g293986-d1483307-Reviews-Yoshi-Amman_Amman_Governorate.html
415	Italian	31.946836	35.878162	Gusto	#26 of 545 Restaurants in Amman	39	/Restaurant_Review-g293986-d10148621-Reviews-Gusto-Amman_Amman_Governorate.html
416	Italian	31.952566	35.9041	Clemance Restaurant	#27 of 545 Restaurants in Amman	20	/Restaurant_Review-g293986-d12242637-Reviews-Clemance_Restaurant-Amman_Amman_Governorate.html
417	Italian	31.966618	35.874744	IL Terrazzo Amman Restaurant	#28 of 545 Restaurants in Amman	61	/Restaurant_Review-g293986-d7698440-Reviews-IL_Terrazzo_Amman_Restaurant-Amman_Amman_Governorate.html
418	Japanese	31.973473	35.89811	Vinaigrette	#29 of 545 Restaurants in Amman	138	/Restaurant_Review-g293986-d3172067-Reviews-Vinaigrette-Amman_Amman_Governorate.html
419	Middle Eastern	31.965462	35.901966	Al-Quds Restaurant	#30 of 545 Restaurants in Amman	163	/Restaurant_Review-g293986-d2429468-Reviews-Al_Quds_Restaurant-Amman_Amman_Governorate.html
420	Pizza	31.963032	35.89816	Pizza Roma Cafe	#1 of 545 Restaurants in Amman	300	/Restaurant_Review-g293986-d3389330-Reviews-Pizza_Roma_Cafe-Amman_Amman_Governorate.html
421	American	31.952438	35.937958	Brisket	#2 of 545 Restaurants in Amman	268	/Restaurant_Review-g293986-d7267482-Reviews-Brisket-Amman_Amman_Governorate.html
422	Middle Eastern	31.951878	35.9332	Habibah Sweets	#3 of 545 Restaurants in Amman	665	/Restaurant_Review-g293986-d2084697-Reviews-Habibah_Sweets-Amman_Amman_Governorate.html
423	Lebanese	31.952278	35.92017	Fakhreldin Restaurant	#4 of 545 Restaurants in Amman	787	/Restaurant_Review-g293986-d1371269-Reviews-Fakhreldin_Restaurant-Amman_Amman_Governorate.html
424	Mediterranean	31.94924	35.929058	Sufra Restaurant	#5 of 545 Restaurants in Amman	701	/Restaurant_Review-g293986-d2406112-Reviews-Sufra_Restaurant-Amman_Amman_Governorate.html
425	Lebanese	31.961784	35.8701	Tawaheen al-Hawa	#6 of 545 Restaurants in Amman	713	/Restaurant_Review-g293986-d1641029-Reviews-Tawaheen_al_Hawa-Amman_Amman_Governorate.html
426	American	31.992243	35.866783	Chestnut Restaurant & Pub	#7 of 545 Restaurants in Amman	283	/Restaurant_Review-g293986-d7761403-Reviews-Chestnut_Restaurant_Pub-Amman_Amman_Governorate.html
427	Steakhouse	31.952156	35.91342	V Lounge & Restaurant	#8 of 545 Restaurants in Amman	57	/Restaurant_Review-g293986-d3989474-Reviews-V_Lounge_Restaurant-Amman_Amman_Governorate.html
428	Fast Food	31.952234	35.93188	Hashem	#9 of 545 Restaurants in Amman	1361	/Restaurant_Review-g293986-d1918356-Reviews-Hashem-Amman_Amman_Governorate.html
429	Italian	31.98758	35.866676	Melograno	#10 of 545 Restaurants in Amman	83	/Restaurant_Review-g293986-d10005312-Reviews-Melograno-Amman_Amman_Governorate.html
430	Fast Food	31.953451	35.884483	Abu Jbara	#11 of 545 Restaurants in Amman	349	/Restaurant_Review-g293986-d3261923-Reviews-Abu_Jbara-Amman_Amman_Governorate.html
431	Fast Food	31.94937	35.92642	Al-Quds	#12 of 545 Restaurants in Amman	197	/Restaurant_Review-g293986-d2277785-Reviews-Al_Quds-Amman_Amman_Governorate.html
432	Mediterranean	31.951536	35.93099	Beit Sitti	#13 of 545 Restaurants in Amman	237	/Restaurant_Review-g293986-d2441252-Reviews-Beit_Sitti-Amman_Amman_Governorate.html
433	Healthy	31.956652	35.94576	Wild Jordan Center	#14 of 545 Restaurants in Amman	415	/Restaurant_Review-g293986-d1036043-Reviews-Wild_Jordan_Center-Amman_Amman_Governorate.html
434	Steakhouse	31.952919	35.903458	Lucca Steakhouse	#15 of 545 Restaurants in Amman	116	/Restaurant_Review-g293986-d9706146-Reviews-Lucca_Steakhouse-Amman_Amman_Governorate.html
435	Lebanese	31.845284	35.91387	Burj Al Hamam	#16 of 545 Restaurants in Amman	160	/Restaurant_Review-g293986-d1181235-Reviews-Burj_Al_Hamam-Amman_Amman_Governorate.html
436	Mediterranean	31.953556	35.914356	Kan Zamaan	#17 of 545 Restaurants in Amman	141	/Restaurant_Review-g293986-d1852510-Reviews-Kan_Zamaan-Amman_Amman_Governorate.html
437	Mediterranean	31.952505	35.907158	Levant	#18 of 545 Restaurants in Amman	275	/Restaurant_Review-g293986-d2477583-Reviews-Levant-Amman_Amman_Governorate.html
438	Lebanese	31.95136	35.916283	Levant Restaurant	#19 of 545 Restaurants in Amman	99	/Restaurant_Review-g293986-d6417061-Reviews-Levant_Restaurant-Amman_Amman_Governorate.html
439	Middle Eastern	31.941225	35.888035	Rosa Damascena	#20 of 545 Restaurants in Amman	56	/Restaurant_Review-g293986-d9590689-Reviews-Rosa_Damascena-Amman_Amman_Governorate.html
440	Fast Food	31.952257	35.93196	Hashim Restaurant	#21 of 545 Restaurants in Amman	131	/Restaurant_Review-g293986-d3267255-Reviews-Hashim_Restaurant-Amman_Amman_Governorate.html
441	Cafe	31.948015	35.931316	Books at Cafe	#22 of 545 Restaurants in Amman	343	/Restaurant_Review-g293986-d1570764-Reviews-Books_at_Cafe-Amman_Amman_Governorate.html
442	Lebanese	31.96674	35.87306	Tannoureen	#23 of 545 Restaurants in Amman	157	/Restaurant_Review-g293986-d816762-Reviews-Tannoureen-Amman_Amman_Governorate.html
443	Lebanese	31.991304	35.865364	Reem albawadi	#24 of 545 Restaurants in Amman	308	/Restaurant_Review-g293986-d807849-Reviews-Reem_albawadi-Amman_Amman_Governorate.html
444	Japanese	31.973347	35.90616	Yoshi	#25 of 545 Restaurants in Amman	144	/Restaurant_Review-g293986-d1483307-Reviews-Yoshi-Amman_Amman_Governorate.html
445	Italian	31.946836	35.878162	Gusto	#26 of 545 Restaurants in Amman	39	/Restaurant_Review-g293986-d10148621-Reviews-Gusto-Amman_Amman_Governorate.html
446	Italian	31.952566	35.9041	Clemance Restaurant	#27 of 545 Restaurants in Amman	20	/Restaurant_Review-g293986-d12242637-Reviews-Clemance_Restaurant-Amman_Amman_Governorate.html
447	Italian	31.966618	35.874744	IL Terrazzo Amman Restaurant	#28 of 545 Restaurants in Amman	61	/Restaurant_Review-g293986-d7698440-Reviews-IL_Terrazzo_Amman_Restaurant-Amman_Amman_Governorate.html
448	Japanese	31.973473	35.89811	Vinaigrette	#29 of 545 Restaurants in Amman	138	/Restaurant_Review-g293986-d3172067-Reviews-Vinaigrette-Amman_Amman_Governorate.html
449	Middle Eastern	31.965462	35.901966	Al-Quds Restaurant	#30 of 545 Restaurants in Amman	163	/Restaurant_Review-g293986-d2429468-Reviews-Al_Quds_Restaurant-Amman_Amman_Governorate.html
450	Pizza	31.963032	35.89816	Pizza Roma Cafe	#1 of 545 Restaurants in Amman	300	/Restaurant_Review-g293986-d3389330-Reviews-Pizza_Roma_Cafe-Amman_Amman_Governorate.html
451	American	31.952438	35.937958	Brisket	#2 of 545 Restaurants in Amman	268	/Restaurant_Review-g293986-d7267482-Reviews-Brisket-Amman_Amman_Governorate.html
452	Middle Eastern	31.951878	35.9332	Habibah Sweets	#3 of 545 Restaurants in Amman	665	/Restaurant_Review-g293986-d2084697-Reviews-Habibah_Sweets-Amman_Amman_Governorate.html
453	Lebanese	31.952278	35.92017	Fakhreldin Restaurant	#4 of 545 Restaurants in Amman	787	/Restaurant_Review-g293986-d1371269-Reviews-Fakhreldin_Restaurant-Amman_Amman_Governorate.html
454	Mediterranean	31.94924	35.929058	Sufra Restaurant	#5 of 545 Restaurants in Amman	701	/Restaurant_Review-g293986-d2406112-Reviews-Sufra_Restaurant-Amman_Amman_Governorate.html
455	Lebanese	31.961784	35.8701	Tawaheen al-Hawa	#6 of 545 Restaurants in Amman	713	/Restaurant_Review-g293986-d1641029-Reviews-Tawaheen_al_Hawa-Amman_Amman_Governorate.html
456	American	31.992243	35.866783	Chestnut Restaurant & Pub	#7 of 545 Restaurants in Amman	283	/Restaurant_Review-g293986-d7761403-Reviews-Chestnut_Restaurant_Pub-Amman_Amman_Governorate.html
457	Steakhouse	31.952156	35.91342	V Lounge & Restaurant	#8 of 545 Restaurants in Amman	57	/Restaurant_Review-g293986-d3989474-Reviews-V_Lounge_Restaurant-Amman_Amman_Governorate.html
458	Fast Food	31.952234	35.93188	Hashem	#9 of 545 Restaurants in Amman	1361	/Restaurant_Review-g293986-d1918356-Reviews-Hashem-Amman_Amman_Governorate.html
459	Italian	31.98758	35.866676	Melograno	#10 of 545 Restaurants in Amman	83	/Restaurant_Review-g293986-d10005312-Reviews-Melograno-Amman_Amman_Governorate.html
460	Fast Food	31.953451	35.884483	Abu Jbara	#11 of 545 Restaurants in Amman	349	/Restaurant_Review-g293986-d3261923-Reviews-Abu_Jbara-Amman_Amman_Governorate.html
461	Fast Food	31.94937	35.92642	Al-Quds	#12 of 545 Restaurants in Amman	197	/Restaurant_Review-g293986-d2277785-Reviews-Al_Quds-Amman_Amman_Governorate.html
462	Mediterranean	31.951536	35.93099	Beit Sitti	#13 of 545 Restaurants in Amman	237	/Restaurant_Review-g293986-d2441252-Reviews-Beit_Sitti-Amman_Amman_Governorate.html
463	Healthy	31.956652	35.94576	Wild Jordan Center	#14 of 545 Restaurants in Amman	414	/Restaurant_Review-g293986-d1036043-Reviews-Wild_Jordan_Center-Amman_Amman_Governorate.html
464	Steakhouse	31.952919	35.903458	Lucca Steakhouse	#15 of 545 Restaurants in Amman	116	/Restaurant_Review-g293986-d9706146-Reviews-Lucca_Steakhouse-Amman_Amman_Governorate.html
465	Lebanese	31.845284	35.91387	Burj Al Hamam	#16 of 545 Restaurants in Amman	160	/Restaurant_Review-g293986-d1181235-Reviews-Burj_Al_Hamam-Amman_Amman_Governorate.html
466	Mediterranean	31.953556	35.914356	Kan Zamaan	#17 of 545 Restaurants in Amman	141	/Restaurant_Review-g293986-d1852510-Reviews-Kan_Zamaan-Amman_Amman_Governorate.html
467	Mediterranean	31.952505	35.907158	Levant	#18 of 545 Restaurants in Amman	275	/Restaurant_Review-g293986-d2477583-Reviews-Levant-Amman_Amman_Governorate.html
468	Lebanese	31.95136	35.916283	Levant Restaurant	#19 of 545 Restaurants in Amman	99	/Restaurant_Review-g293986-d6417061-Reviews-Levant_Restaurant-Amman_Amman_Governorate.html
469	Middle Eastern	31.941225	35.888035	Rosa Damascena	#20 of 545 Restaurants in Amman	56	/Restaurant_Review-g293986-d9590689-Reviews-Rosa_Damascena-Amman_Amman_Governorate.html
470	Fast Food	31.952257	35.93196	Hashim Restaurant	#21 of 545 Restaurants in Amman	131	/Restaurant_Review-g293986-d3267255-Reviews-Hashim_Restaurant-Amman_Amman_Governorate.html
471	Cafe	31.948015	35.931316	Books at Cafe	#22 of 545 Restaurants in Amman	343	/Restaurant_Review-g293986-d1570764-Reviews-Books_at_Cafe-Amman_Amman_Governorate.html
472	Lebanese	31.96674	35.87306	Tannoureen	#23 of 545 Restaurants in Amman	157	/Restaurant_Review-g293986-d816762-Reviews-Tannoureen-Amman_Amman_Governorate.html
473	Lebanese	31.991304	35.865364	Reem albawadi	#24 of 545 Restaurants in Amman	308	/Restaurant_Review-g293986-d807849-Reviews-Reem_albawadi-Amman_Amman_Governorate.html
474	Japanese	31.973347	35.90616	Yoshi	#25 of 545 Restaurants in Amman	144	/Restaurant_Review-g293986-d1483307-Reviews-Yoshi-Amman_Amman_Governorate.html
475	Italian	31.946836	35.878162	Gusto	#26 of 545 Restaurants in Amman	39	/Restaurant_Review-g293986-d10148621-Reviews-Gusto-Amman_Amman_Governorate.html
476	Italian	31.952566	35.9041	Clemance Restaurant	#27 of 545 Restaurants in Amman	20	/Restaurant_Review-g293986-d12242637-Reviews-Clemance_Restaurant-Amman_Amman_Governorate.html
477	Italian	31.966618	35.874744	IL Terrazzo Amman Restaurant	#28 of 545 Restaurants in Amman	61	/Restaurant_Review-g293986-d7698440-Reviews-IL_Terrazzo_Amman_Restaurant-Amman_Amman_Governorate.html
478	Japanese	31.973473	35.89811	Vinaigrette	#29 of 545 Restaurants in Amman	138	/Restaurant_Review-g293986-d3172067-Reviews-Vinaigrette-Amman_Amman_Governorate.html
479	Middle Eastern	31.965462	35.901966	Al-Quds Restaurant	#30 of 545 Restaurants in Amman	163	/Restaurant_Review-g293986-d2429468-Reviews-Al_Quds_Restaurant-Amman_Amman_Governorate.html
480	Pizza	31.963032	35.89816	Pizza Roma Cafe	#1 of 545 Restaurants in Amman	300	/Restaurant_Review-g293986-d3389330-Reviews-Pizza_Roma_Cafe-Amman_Amman_Governorate.html
481	American	31.952438	35.937958	Brisket	#2 of 545 Restaurants in Amman	268	/Restaurant_Review-g293986-d7267482-Reviews-Brisket-Amman_Amman_Governorate.html
482	Middle Eastern	31.951878	35.9332	Habibah Sweets	#3 of 545 Restaurants in Amman	665	/Restaurant_Review-g293986-d2084697-Reviews-Habibah_Sweets-Amman_Amman_Governorate.html
483	Lebanese	31.952278	35.92017	Fakhreldin Restaurant	#4 of 545 Restaurants in Amman	787	/Restaurant_Review-g293986-d1371269-Reviews-Fakhreldin_Restaurant-Amman_Amman_Governorate.html
484	Mediterranean	31.94924	35.929058	Sufra Restaurant	#5 of 545 Restaurants in Amman	701	/Restaurant_Review-g293986-d2406112-Reviews-Sufra_Restaurant-Amman_Amman_Governorate.html
485	Lebanese	31.961784	35.8701	Tawaheen al-Hawa	#6 of 545 Restaurants in Amman	713	/Restaurant_Review-g293986-d1641029-Reviews-Tawaheen_al_Hawa-Amman_Amman_Governorate.html
486	American	31.992243	35.866783	Chestnut Restaurant & Pub	#7 of 545 Restaurants in Amman	283	/Restaurant_Review-g293986-d7761403-Reviews-Chestnut_Restaurant_Pub-Amman_Amman_Governorate.html
487	Steakhouse	31.952156	35.91342	V Lounge & Restaurant	#8 of 545 Restaurants in Amman	57	/Restaurant_Review-g293986-d3989474-Reviews-V_Lounge_Restaurant-Amman_Amman_Governorate.html
488	Fast Food	31.952234	35.93188	Hashem	#9 of 545 Restaurants in Amman	1361	/Restaurant_Review-g293986-d1918356-Reviews-Hashem-Amman_Amman_Governorate.html
489	Italian	31.98758	35.866676	Melograno	#10 of 545 Restaurants in Amman	83	/Restaurant_Review-g293986-d10005312-Reviews-Melograno-Amman_Amman_Governorate.html
490	Fast Food	31.953451	35.884483	Abu Jbara	#11 of 545 Restaurants in Amman	349	/Restaurant_Review-g293986-d3261923-Reviews-Abu_Jbara-Amman_Amman_Governorate.html
491	Fast Food	31.94937	35.92642	Al-Quds	#12 of 545 Restaurants in Amman	197	/Restaurant_Review-g293986-d2277785-Reviews-Al_Quds-Amman_Amman_Governorate.html
492	Mediterranean	31.951536	35.93099	Beit Sitti	#13 of 545 Restaurants in Amman	237	/Restaurant_Review-g293986-d2441252-Reviews-Beit_Sitti-Amman_Amman_Governorate.html
493	Healthy	31.956652	35.94576	Wild Jordan Center	#14 of 545 Restaurants in Amman	415	/Restaurant_Review-g293986-d1036043-Reviews-Wild_Jordan_Center-Amman_Amman_Governorate.html
494	Steakhouse	31.952919	35.903458	Lucca Steakhouse	#15 of 545 Restaurants in Amman	116	/Restaurant_Review-g293986-d9706146-Reviews-Lucca_Steakhouse-Amman_Amman_Governorate.html
495	Lebanese	31.845284	35.91387	Burj Al Hamam	#16 of 545 Restaurants in Amman	160	/Restaurant_Review-g293986-d1181235-Reviews-Burj_Al_Hamam-Amman_Amman_Governorate.html
496	Mediterranean	31.953556	35.914356	Kan Zamaan	#17 of 545 Restaurants in Amman	141	/Restaurant_Review-g293986-d1852510-Reviews-Kan_Zamaan-Amman_Amman_Governorate.html
497	Mediterranean	31.952505	35.907158	Levant	#18 of 545 Restaurants in Amman	275	/Restaurant_Review-g293986-d2477583-Reviews-Levant-Amman_Amman_Governorate.html
498	Lebanese	31.95136	35.916283	Levant Restaurant	#19 of 545 Restaurants in Amman	99	/Restaurant_Review-g293986-d6417061-Reviews-Levant_Restaurant-Amman_Amman_Governorate.html
499	Middle Eastern	31.941225	35.888035	Rosa Damascena	#20 of 545 Restaurants in Amman	56	/Restaurant_Review-g293986-d9590689-Reviews-Rosa_Damascena-Amman_Amman_Governorate.html
500	Fast Food	31.952257	35.93196	Hashim Restaurant	#21 of 545 Restaurants in Amman	131	/Restaurant_Review-g293986-d3267255-Reviews-Hashim_Restaurant-Amman_Amman_Governorate.html
501	Cafe	31.948015	35.931316	Books at Cafe	#22 of 545 Restaurants in Amman	343	/Restaurant_Review-g293986-d1570764-Reviews-Books_at_Cafe-Amman_Amman_Governorate.html
502	Lebanese	31.96674	35.87306	Tannoureen	#23 of 545 Restaurants in Amman	157	/Restaurant_Review-g293986-d816762-Reviews-Tannoureen-Amman_Amman_Governorate.html
503	Lebanese	31.991304	35.865364	Reem albawadi	#24 of 545 Restaurants in Amman	308	/Restaurant_Review-g293986-d807849-Reviews-Reem_albawadi-Amman_Amman_Governorate.html
504	Japanese	31.973347	35.90616	Yoshi	#25 of 545 Restaurants in Amman	144	/Restaurant_Review-g293986-d1483307-Reviews-Yoshi-Amman_Amman_Governorate.html
505	Italian	31.946836	35.878162	Gusto	#26 of 545 Restaurants in Amman	39	/Restaurant_Review-g293986-d10148621-Reviews-Gusto-Amman_Amman_Governorate.html
506	Italian	31.952566	35.9041	Clemance Restaurant	#27 of 545 Restaurants in Amman	20	/Restaurant_Review-g293986-d12242637-Reviews-Clemance_Restaurant-Amman_Amman_Governorate.html
507	Italian	31.966618	35.874744	IL Terrazzo Amman Restaurant	#28 of 545 Restaurants in Amman	61	/Restaurant_Review-g293986-d7698440-Reviews-IL_Terrazzo_Amman_Restaurant-Amman_Amman_Governorate.html
508	Japanese	31.973473	35.89811	Vinaigrette	#29 of 545 Restaurants in Amman	138	/Restaurant_Review-g293986-d3172067-Reviews-Vinaigrette-Amman_Amman_Governorate.html
509	Middle Eastern	31.965462	35.901966	Al-Quds Restaurant	#30 of 545 Restaurants in Amman	163	/Restaurant_Review-g293986-d2429468-Reviews-Al_Quds_Restaurant-Amman_Amman_Governorate.html
510	Pizza	31.963032	35.89816	Pizza Roma Cafe	#1 of 545 Restaurants in Amman	300	/Restaurant_Review-g293986-d3389330-Reviews-Pizza_Roma_Cafe-Amman_Amman_Governorate.html
511	American	31.952438	35.937958	Brisket	#2 of 545 Restaurants in Amman	268	/Restaurant_Review-g293986-d7267482-Reviews-Brisket-Amman_Amman_Governorate.html
512	Middle Eastern	31.951878	35.9332	Habibah Sweets	#3 of 545 Restaurants in Amman	665	/Restaurant_Review-g293986-d2084697-Reviews-Habibah_Sweets-Amman_Amman_Governorate.html
513	Lebanese	31.952278	35.92017	Fakhreldin Restaurant	#4 of 545 Restaurants in Amman	787	/Restaurant_Review-g293986-d1371269-Reviews-Fakhreldin_Restaurant-Amman_Amman_Governorate.html
514	Mediterranean	31.94924	35.929058	Sufra Restaurant	#5 of 545 Restaurants in Amman	701	/Restaurant_Review-g293986-d2406112-Reviews-Sufra_Restaurant-Amman_Amman_Governorate.html
515	Lebanese	31.961784	35.8701	Tawaheen al-Hawa	#6 of 545 Restaurants in Amman	713	/Restaurant_Review-g293986-d1641029-Reviews-Tawaheen_al_Hawa-Amman_Amman_Governorate.html
516	American	31.992243	35.866783	Chestnut Restaurant & Pub	#7 of 545 Restaurants in Amman	283	/Restaurant_Review-g293986-d7761403-Reviews-Chestnut_Restaurant_Pub-Amman_Amman_Governorate.html
517	Steakhouse	31.952156	35.91342	V Lounge & Restaurant	#8 of 545 Restaurants in Amman	57	/Restaurant_Review-g293986-d3989474-Reviews-V_Lounge_Restaurant-Amman_Amman_Governorate.html
518	Fast Food	31.952234	35.93188	Hashem	#9 of 545 Restaurants in Amman	1361	/Restaurant_Review-g293986-d1918356-Reviews-Hashem-Amman_Amman_Governorate.html
519	Italian	31.98758	35.866676	Melograno	#10 of 545 Restaurants in Amman	83	/Restaurant_Review-g293986-d10005312-Reviews-Melograno-Amman_Amman_Governorate.html
520	Fast Food	31.953451	35.884483	Abu Jbara	#11 of 545 Restaurants in Amman	349	/Restaurant_Review-g293986-d3261923-Reviews-Abu_Jbara-Amman_Amman_Governorate.html
521	Fast Food	31.94937	35.92642	Al-Quds	#12 of 545 Restaurants in Amman	197	/Restaurant_Review-g293986-d2277785-Reviews-Al_Quds-Amman_Amman_Governorate.html
522	Mediterranean	31.951536	35.93099	Beit Sitti	#13 of 545 Restaurants in Amman	237	/Restaurant_Review-g293986-d2441252-Reviews-Beit_Sitti-Amman_Amman_Governorate.html
523	Healthy	31.956652	35.94576	Wild Jordan Center	#14 of 545 Restaurants in Amman	414	/Restaurant_Review-g293986-d1036043-Reviews-Wild_Jordan_Center-Amman_Amman_Governorate.html
524	Steakhouse	31.952919	35.903458	Lucca Steakhouse	#15 of 545 Restaurants in Amman	116	/Restaurant_Review-g293986-d9706146-Reviews-Lucca_Steakhouse-Amman_Amman_Governorate.html
525	Lebanese	31.845284	35.91387	Burj Al Hamam	#16 of 545 Restaurants in Amman	160	/Restaurant_Review-g293986-d1181235-Reviews-Burj_Al_Hamam-Amman_Amman_Governorate.html
526	Mediterranean	31.953556	35.914356	Kan Zamaan	#17 of 545 Restaurants in Amman	141	/Restaurant_Review-g293986-d1852510-Reviews-Kan_Zamaan-Amman_Amman_Governorate.html
527	Mediterranean	31.952505	35.907158	Levant	#18 of 545 Restaurants in Amman	275	/Restaurant_Review-g293986-d2477583-Reviews-Levant-Amman_Amman_Governorate.html
528	Lebanese	31.95136	35.916283	Levant Restaurant	#19 of 545 Restaurants in Amman	99	/Restaurant_Review-g293986-d6417061-Reviews-Levant_Restaurant-Amman_Amman_Governorate.html
529	Middle Eastern	31.941225	35.888035	Rosa Damascena	#20 of 545 Restaurants in Amman	56	/Restaurant_Review-g293986-d9590689-Reviews-Rosa_Damascena-Amman_Amman_Governorate.html
530	Fast Food	31.952257	35.93196	Hashim Restaurant	#21 of 545 Restaurants in Amman	131	/Restaurant_Review-g293986-d3267255-Reviews-Hashim_Restaurant-Amman_Amman_Governorate.html
531	Cafe	31.948015	35.931316	Books at Cafe	#22 of 545 Restaurants in Amman	342	/Restaurant_Review-g293986-d1570764-Reviews-Books_at_Cafe-Amman_Amman_Governorate.html
532	Lebanese	31.96674	35.87306	Tannoureen	#23 of 545 Restaurants in Amman	157	/Restaurant_Review-g293986-d816762-Reviews-Tannoureen-Amman_Amman_Governorate.html
533	Lebanese	31.991304	35.865364	Reem albawadi	#24 of 545 Restaurants in Amman	308	/Restaurant_Review-g293986-d807849-Reviews-Reem_albawadi-Amman_Amman_Governorate.html
534	Japanese	31.973347	35.90616	Yoshi	#25 of 545 Restaurants in Amman	144	/Restaurant_Review-g293986-d1483307-Reviews-Yoshi-Amman_Amman_Governorate.html
535	Italian	31.946836	35.878162	Gusto	#26 of 545 Restaurants in Amman	39	/Restaurant_Review-g293986-d10148621-Reviews-Gusto-Amman_Amman_Governorate.html
536	Italian	31.952566	35.9041	Clemance Restaurant	#27 of 545 Restaurants in Amman	20	/Restaurant_Review-g293986-d12242637-Reviews-Clemance_Restaurant-Amman_Amman_Governorate.html
537	Italian	31.966618	35.874744	IL Terrazzo Amman Restaurant	#28 of 545 Restaurants in Amman	61	/Restaurant_Review-g293986-d7698440-Reviews-IL_Terrazzo_Amman_Restaurant-Amman_Amman_Governorate.html
538	Japanese	31.973473	35.89811	Vinaigrette	#29 of 545 Restaurants in Amman	138	/Restaurant_Review-g293986-d3172067-Reviews-Vinaigrette-Amman_Amman_Governorate.html
539	Middle Eastern	31.965462	35.901966	Al-Quds Restaurant	#30 of 545 Restaurants in Amman	163	/Restaurant_Review-g293986-d2429468-Reviews-Al_Quds_Restaurant-Amman_Amman_Governorate.html
540	Pizza	31.963032	35.89816	Pizza Roma Cafe	#1 of 545 Restaurants in Amman	300	/Restaurant_Review-g293986-d3389330-Reviews-Pizza_Roma_Cafe-Amman_Amman_Governorate.html
541	American	31.952438	35.937958	Brisket	#2 of 545 Restaurants in Amman	268	/Restaurant_Review-g293986-d7267482-Reviews-Brisket-Amman_Amman_Governorate.html
542	Middle Eastern	31.951878	35.9332	Habibah Sweets	#3 of 545 Restaurants in Amman	665	/Restaurant_Review-g293986-d2084697-Reviews-Habibah_Sweets-Amman_Amman_Governorate.html
543	Lebanese	31.952278	35.92017	Fakhreldin Restaurant	#4 of 545 Restaurants in Amman	787	/Restaurant_Review-g293986-d1371269-Reviews-Fakhreldin_Restaurant-Amman_Amman_Governorate.html
544	Mediterranean	31.94924	35.929058	Sufra Restaurant	#5 of 545 Restaurants in Amman	701	/Restaurant_Review-g293986-d2406112-Reviews-Sufra_Restaurant-Amman_Amman_Governorate.html
545	Lebanese	31.961784	35.8701	Tawaheen al-Hawa	#6 of 545 Restaurants in Amman	713	/Restaurant_Review-g293986-d1641029-Reviews-Tawaheen_al_Hawa-Amman_Amman_Governorate.html
546	American	31.992243	35.866783	Chestnut Restaurant & Pub	#7 of 545 Restaurants in Amman	283	/Restaurant_Review-g293986-d7761403-Reviews-Chestnut_Restaurant_Pub-Amman_Amman_Governorate.html
547	Steakhouse	31.952156	35.91342	V Lounge & Restaurant	#8 of 545 Restaurants in Amman	57	/Restaurant_Review-g293986-d3989474-Reviews-V_Lounge_Restaurant-Amman_Amman_Governorate.html
548	Fast Food	31.952234	35.93188	Hashem	#9 of 545 Restaurants in Amman	1361	/Restaurant_Review-g293986-d1918356-Reviews-Hashem-Amman_Amman_Governorate.html
549	Italian	31.98758	35.866676	Melograno	#10 of 545 Restaurants in Amman	83	/Restaurant_Review-g293986-d10005312-Reviews-Melograno-Amman_Amman_Governorate.html
550	Fast Food	31.953451	35.884483	Abu Jbara	#11 of 545 Restaurants in Amman	349	/Restaurant_Review-g293986-d3261923-Reviews-Abu_Jbara-Amman_Amman_Governorate.html
551	Fast Food	31.94937	35.92642	Al-Quds	#12 of 545 Restaurants in Amman	197	/Restaurant_Review-g293986-d2277785-Reviews-Al_Quds-Amman_Amman_Governorate.html
552	Mediterranean	31.951536	35.93099	Beit Sitti	#13 of 545 Restaurants in Amman	237	/Restaurant_Review-g293986-d2441252-Reviews-Beit_Sitti-Amman_Amman_Governorate.html
553	Healthy	31.956652	35.94576	Wild Jordan Center	#14 of 545 Restaurants in Amman	415	/Restaurant_Review-g293986-d1036043-Reviews-Wild_Jordan_Center-Amman_Amman_Governorate.html
554	Steakhouse	31.952919	35.903458	Lucca Steakhouse	#15 of 545 Restaurants in Amman	116	/Restaurant_Review-g293986-d9706146-Reviews-Lucca_Steakhouse-Amman_Amman_Governorate.html
555	Lebanese	31.845284	35.91387	Burj Al Hamam	#16 of 545 Restaurants in Amman	160	/Restaurant_Review-g293986-d1181235-Reviews-Burj_Al_Hamam-Amman_Amman_Governorate.html
556	Mediterranean	31.953556	35.914356	Kan Zamaan	#17 of 545 Restaurants in Amman	141	/Restaurant_Review-g293986-d1852510-Reviews-Kan_Zamaan-Amman_Amman_Governorate.html
557	Mediterranean	31.952505	35.907158	Levant	#18 of 545 Restaurants in Amman	275	/Restaurant_Review-g293986-d2477583-Reviews-Levant-Amman_Amman_Governorate.html
558	Lebanese	31.95136	35.916283	Levant Restaurant	#19 of 545 Restaurants in Amman	99	/Restaurant_Review-g293986-d6417061-Reviews-Levant_Restaurant-Amman_Amman_Governorate.html
559	Middle Eastern	31.941225	35.888035	Rosa Damascena	#20 of 545 Restaurants in Amman	56	/Restaurant_Review-g293986-d9590689-Reviews-Rosa_Damascena-Amman_Amman_Governorate.html
560	Fast Food	31.952257	35.93196	Hashim Restaurant	#21 of 545 Restaurants in Amman	131	/Restaurant_Review-g293986-d3267255-Reviews-Hashim_Restaurant-Amman_Amman_Governorate.html
561	Cafe	31.948015	35.931316	Books at Cafe	#22 of 545 Restaurants in Amman	343	/Restaurant_Review-g293986-d1570764-Reviews-Books_at_Cafe-Amman_Amman_Governorate.html
562	Lebanese	31.96674	35.87306	Tannoureen	#23 of 545 Restaurants in Amman	157	/Restaurant_Review-g293986-d816762-Reviews-Tannoureen-Amman_Amman_Governorate.html
563	Lebanese	31.991304	35.865364	Reem albawadi	#24 of 545 Restaurants in Amman	308	/Restaurant_Review-g293986-d807849-Reviews-Reem_albawadi-Amman_Amman_Governorate.html
564	Japanese	31.973347	35.90616	Yoshi	#25 of 545 Restaurants in Amman	144	/Restaurant_Review-g293986-d1483307-Reviews-Yoshi-Amman_Amman_Governorate.html
565	Italian	31.946836	35.878162	Gusto	#26 of 545 Restaurants in Amman	39	/Restaurant_Review-g293986-d10148621-Reviews-Gusto-Amman_Amman_Governorate.html
566	Italian	31.952566	35.9041	Clemance Restaurant	#27 of 545 Restaurants in Amman	20	/Restaurant_Review-g293986-d12242637-Reviews-Clemance_Restaurant-Amman_Amman_Governorate.html
567	Italian	31.966618	35.874744	IL Terrazzo Amman Restaurant	#28 of 545 Restaurants in Amman	61	/Restaurant_Review-g293986-d7698440-Reviews-IL_Terrazzo_Amman_Restaurant-Amman_Amman_Governorate.html
568	Japanese	31.973473	35.89811	Vinaigrette	#29 of 545 Restaurants in Amman	138	/Restaurant_Review-g293986-d3172067-Reviews-Vinaigrette-Amman_Amman_Governorate.html
569	Middle Eastern	31.965462	35.901966	Al-Quds Restaurant	#30 of 545 Restaurants in Amman	163	/Restaurant_Review-g293986-d2429468-Reviews-Al_Quds_Restaurant-Amman_Amman_Governorate.html
